start_time,end_time,wav_file,emotion,val,act,dom
5.3661,9.615,Ses02F_impro01_F000,neu,4.0,3.0,2.0
16.484,19.7791,Ses02F_impro01_F001,sur,2.0,2.5,2.5
23.369,26.0214,Ses02F_impro01_F002,xxx,3.0,2.5,2.0
30.713,32.8369,Ses02F_impro01_F003,fru,2.0,3.5,2.5
32.8981,37.88,Ses02F_impro01_F004,fru,2.0,3.5,2.0
38.0286,40.3056,Ses02F_impro01_F005,fru,2.0,3.5,3.0
45.0441,50.0436,Ses02F_impro01_F006,fru,2.0,3.0,2.5
50.0639,51.9832,Ses02F_impro01_F007,fru,2.0,3.0,2.0
57.5135,66.671,Ses02F_impro01_F008,fru,2.0,4.0,1.5
66.6912,72.0669,Ses02F_impro01_F009,fru,1.5,3.0,2.5
78.1061,87.7428,Ses02F_impro01_F010,fru,2.0,3.5,2.0
88.3022,89.9978,Ses02F_impro01_F011,fru,2.0,4.0,3.0
96.4709,99.7098,Ses02F_impro01_F012,fru,2.0,3.5,2.5
99.8449,105.6836,Ses02F_impro01_F013,fru,1.5,3.5,2.5
111.5773,119.8805,Ses02F_impro01_F014,fru,1.5,4.0,2.0
124.1293,132.0469,Ses02F_impro01_F015,fru,1.5,4.5,2.0
135.5643,145.6458,Ses02F_impro01_F016,fru,1.5,4.0,3.0
145.7064,150.8614,Ses02F_impro01_F017,fru,1.5,3.5,2.5
154.0504,159.7574,Ses02F_impro01_F018,ang,1.5,4.5,3.5
164.674,169.8898,Ses02F_impro01_F019,ang,1.5,5.0,3.5
171.5438,175.7488,Ses02F_impro01_F020,ang,1.5,3.0,3.5
180.6986,190.9121,Ses02F_impro01_F021,ang,1.5,3.5,2.5
202.8414,205.0638,Ses02F_impro01_F022,fru,1.5,3.0,2.5
209.2752,214.5392,Ses02F_impro01_F023,fru,2.0,3.5,3.0
5.8186,7.253,Ses02F_impro01_M000,neu,2.5,2.0,2.0
9.8327,15.9334,Ses02F_impro01_M001,neu,3.0,2.5,2.5
20.5395,23.2318,Ses02F_impro01_M002,neu,2.5,2.0,2.5
25.7699,32.1839,Ses02F_impro01_M003,xxx,2.5,2.0,2.0
38.1175,39.5783,Ses02F_impro01_M004,neu,2.5,2.5,2.0
40.4471,45.0994,Ses02F_impro01_M005,fru,2.5,2.5,2.5
50.0639,51.963,Ses02F_impro01_M006,fru,3.5,2.5,2.5
51.9832,57.8604,Ses02F_impro01_M007,fru,3.0,2.5,2.5
70.1056,72.0855,Ses02F_impro01_M008,fru,2.5,3.0,2.5
72.2875,79.2332,Ses02F_impro01_M009,fru,2.5,2.5,2.5
87.4602,88.6522,Ses02F_impro01_M010,fru,2.5,3.5,2.5
88.6926,97.7625,Ses02F_impro01_M011,fru,2.5,3.5,3.0
100.014,101.5823,Ses02F_impro01_M012,fru,2.5,3.0,2.0
105.0169,111.4287,Ses02F_impro01_M013,fru,2.5,3.0,3.0
119.606,125.5354,Ses02F_impro01_M014,fru,2.5,3.0,2.5
132.1517,135.6478,Ses02F_impro01_M015,fru,2.5,4.0,3.5
141.989,143.5245,Ses02F_impro01_M016,xxx,2.5,2.5,2.0
150.5061,155.603,Ses02F_impro01_M017,ang,2.5,3.5,3.5
158.9194,164.5611,Ses02F_impro01_M018,fru,2.5,3.5,3.5
164.5945,166.9199,Ses02F_impro01_M019,ang,2.5,3.5,3.0
167.9301,173.4579,Ses02F_impro01_M020,fru,2.5,3.5,3.5
175.6255,182.0081,Ses02F_impro01_M021,fru,2.5,4.0,3.5
190.982,195.9117,Ses02F_impro01_M022,fru,2.5,3.5,3.0
195.9319,204.2806,Ses02F_impro01_M023,fru,3.0,3.0,2.5
204.7828,208.4711,Ses02F_impro01_M024,fru,2.5,2.0,2.5
8.9084,11.9078,Ses02F_impro02_F000,sad,3.0,2.5,2.5
18.3682,24.3889,Ses02F_impro02_F001,sad,2.0,2.5,2.5
30.6582,37.9405,Ses02F_impro02_F002,sad,2.0,2.5,3.0
46.8146,49.4112,Ses02F_impro02_F003,sad,2.0,3.0,2.5
63.2468,75.4222,Ses02F_impro02_F004,sad,2.0,2.5,2.5
75.4413,78.5568,Ses02F_impro02_F005,sad,2.5,2.0,2.0
88.0123,94.8416,Ses02F_impro02_F006,sad,2.5,2.5,3.0
96.6544,108.6034,Ses02F_impro02_F007,sad,2.0,2.5,3.0
114.93,126.1305,Ses02F_impro02_F008,sad,2.0,2.0,3.5
139.4718,143.5239,Ses02F_impro02_F009,sad,2.5,2.0,2.0
148.5507,156.3682,Ses02F_impro02_F010,sad,2.0,3.0,3.0
158.5369,166.766,Ses02F_impro02_F011,sad,1.5,2.0,3.0
184.8857,191.174,Ses02F_impro02_F012,sad,2.5,1.5,2.0
193.9264,207.04,Ses02F_impro02_F013,sad,2.0,2.5,3.5
11.5255,18.7886,Ses02F_impro02_M000,xxx,2.5,2.5,2.5
24.1978,31.0213,Ses02F_impro02_M001,fru,2.0,3.0,3.0
37.8258,47.7648,Ses02F_impro02_M002,fru,2.5,2.0,3.0
49.5424,63.7247,Ses02F_impro02_M003,fru,2.0,2.5,3.0
75.6898,78.5377,Ses02F_impro02_M004,xxx,2.0,2.0,2.0
79.4743,88.2594,Ses02F_impro02_M005,fru,3.0,2.5,3.0
108.3358,114.6815,Ses02F_impro02_M006,fru,2.5,2.5,3.0
126.3408,139.8386,Ses02F_impro02_M007,sad,2.5,2.0,2.5
144.2502,150.5386,Ses02F_impro02_M008,fru,2.0,3.0,2.5
167.216,177.6416,Ses02F_impro02_M009,fru,2.5,2.5,2.5
177.9283,185.5164,Ses02F_impro02_M010,fru,2.5,3.0,3.5
190.0061,194.4042,Ses02F_impro02_M011,xxx,3.0,3.0,2.5
208.8905,210.8151,Ses02F_impro02_M012,sad,3.0,2.0,1.5
4.7324,8.78,Ses02F_impro03_F000,exc,5.0,4.75,3.25
8.81,10.93,Ses02F_impro03_F001,exc,5.0,4.75,3.25
14.08,16.13,Ses02F_impro03_F002,xxx,4.5,3.5,2.5
22.66,28.0319,Ses02F_impro03_F003,xxx,5.0,4.5,2.75
30.65,32.65,Ses02F_impro03_F004,exc,5.0,4.5,2.75
34.5699,38.8951,Ses02F_impro03_F005,xxx,4.5,3.5,2.75
39.0078,52.92,Ses02F_impro03_F006,xxx,4.75,3.75,2.75
52.93,61.8184,Ses02F_impro03_F007,xxx,4.75,3.75,2.75
61.83,69.86,Ses02F_impro03_F008,xxx,4.75,4.0,2.75
69.91,81.9971,Ses02F_impro03_F009,exc,5.0,4.25,2.75
83.93,91.61,Ses02F_impro03_F010,xxx,4.5,3.75,2.75
95.45,99.6572,Ses02F_impro03_F011,exc,4.75,3.75,3.0
101.5291,102.95,Ses02F_impro03_F012,exc,4.5,3.75,3.0
105.135,111.47,Ses02F_impro03_F013,exc,4.5,4.0,2.75
112.7,117.27,Ses02F_impro03_F014,exc,5.0,4.25,2.75
121.0516,127.2609,Ses02F_impro03_F015,hap,4.5,3.25,2.75
127.3236,133.2123,Ses02F_impro03_F016,hap,4.25,3.0,2.75
133.6443,140.07,Ses02F_impro03_F017,hap,4.25,3.0,2.75
141.21,148.237,Ses02F_impro03_F018,hap,4.25,3.0,2.75
149.08,156.2108,Ses02F_impro03_F019,hap,4.25,3.0,2.5
156.23,164.7969,Ses02F_impro03_F020,xxx,4.25,3.0,2.75
165.4402,176.5255,Ses02F_impro03_F021,exc,4.5,3.0,2.5
178.79,180.87,Ses02F_impro03_F022,xxx,4.5,3.0,2.25
187.29,190.02,Ses02F_impro03_F023,hap,4.75,3.25,2.25
195.46,201.9,Ses02F_impro03_F024,exc,4.75,4.0,3.5
205.46,207.6783,Ses02F_impro03_F025,xxx,4.25,3.25,2.25
220.38,222.24,Ses02F_impro03_F026,hap,4.5,2.75,2.5
225.0487,228.4874,Ses02F_impro03_F027,hap,4.5,3.25,2.75
231.8858,240.3492,Ses02F_impro03_F028,exc,4.75,3.5,2.5
240.4223,244.0151,Ses02F_impro03_F029,hap,4.5,3.75,3.0
246.65,250.5635,Ses02F_impro03_F030,hap,4.5,3.5,2.25
6.2177,8.7208,Ses02F_impro03_M000,xxx,4.25,3.25,2.0
10.86,14.2922,Ses02F_impro03_M001,neu,3.5,3.0,2.25
16.74,20.1143,Ses02F_impro03_M002,sur,4.25,3.75,3.25
20.6584,23.29,Ses02F_impro03_M003,xxx,4.5,3.5,3.0
25.72,31.42,Ses02F_impro03_M004,hap,4.5,3.5,2.5
31.91,34.5281,Ses02F_impro03_M005,exc,4.25,3.5,3.0
69.65,71.33,Ses02F_impro03_M006,sur,4.25,4.0,2.75
81.7153,85.53,Ses02F_impro03_M007,sur,4.25,3.5,2.75
90.55,97.0405,Ses02F_impro03_M008,xxx,4.0,3.25,2.5
97.27,102.0738,Ses02F_impro03_M009,hap,4.0,3.25,2.5
102.8845,106.06,Ses02F_impro03_M010,hap,4.5,3.75,3.0
110.84,114.19,Ses02F_impro03_M011,hap,4.25,3.75,2.75
116.73,121.8195,Ses02F_impro03_M012,exc,4.5,4.5,2.75
130.9859,137.0738,Ses02F_impro03_M013,neu,4.0,3.0,2.5
139.87,141.31,Ses02F_impro03_M014,neu,4.0,2.5,2.25
145.5923,149.6643,Ses02F_impro03_M015,neu,4.0,2.75,2.25
153.6844,156.4834,Ses02F_impro03_M016,neu,4.0,3.0,2.5
164.59,166.04,Ses02F_impro03_M017,neu,3.75,2.75,2.5
175.73,179.59,Ses02F_impro03_M018,neu,4.0,3.25,2.5
179.88,188.4736,Ses02F_impro03_M019,hap,4.25,3.5,3.0
189.38,195.65,Ses02F_impro03_M020,hap,4.0,2.75,2.75
201.04,207.0585,Ses02F_impro03_M021,xxx,4.0,3.25,3.0
207.5653,211.0588,Ses02F_impro03_M022,hap,4.0,3.25,3.0
211.0776,220.74,Ses02F_impro03_M023,hap,4.25,3.75,2.75
221.52,225.77,Ses02F_impro03_M024,exc,4.0,4.25,3.25
228.14,233.2,Ses02F_impro03_M025,exc,4.0,3.5,2.75
244.0986,246.85,Ses02F_impro03_M026,hap,4.0,2.75,2.5
9.6322,19.042,Ses02F_impro04_F000,fru,2.0,2.5,4.0
24.67,28.9797,Ses02F_impro04_F001,fru,2.0,2.5,4.0
29.0536,34.96,Ses02F_impro04_F002,fru,2.0,2.0,4.0
39.17,46.3474,Ses02F_impro04_F003,fru,1.5,2.5,4.5
48.7571,54.098,Ses02F_impro04_F004,fru,2.0,3.0,4.5
63.83,74.64,Ses02F_impro04_F005,fru,1.5,2.0,4.0
80.37,91.5702,Ses02F_impro04_F006,fru,2.0,4.0,4.0
102.47,111.8,Ses02F_impro04_F007,fru,2.0,3.5,4.0
117.2799,129.1165,Ses02F_impro04_F008,fru,1.5,4.0,5.0
132.9672,135.27,Ses02F_impro04_F009,sad,2.0,2.0,3.5
150.38,156.5983,Ses02F_impro04_F010,fru,1.5,2.5,4.0
173.36,192.93,Ses02F_impro04_F011,fru,1.5,4.0,4.5
204.97,207.21,Ses02F_impro04_F012,fru,2.0,3.5,3.5
212.279,229.8,Ses02F_impro04_F013,fru,1.5,3.0,4.0
242.01,248.83,Ses02F_impro04_F014,fru,2.0,3.0,4.0
248.86,256.9182,Ses02F_impro04_F015,fru,2.0,3.5,4.5
266.3,274.17,Ses02F_impro04_F016,sad,1.5,2.0,3.0
276.09,286.51,Ses02F_impro04_F017,xxx,1.0,4.0,4.5
5.1392,9.5052,Ses02F_impro04_M000,neu,3.0,3.5,2.5
19.1897,25.48,Ses02F_impro04_M001,neu,2.5,3.5,4.0
34.85,39.72,Ses02F_impro04_M002,xxx,2.5,3.0,3.5
45.8486,49.25,Ses02F_impro04_M003,neu,2.0,3.5,3.0
52.9062,65.8663,Ses02F_impro04_M004,neu,2.0,4.0,4.5
74.54,82.15,Ses02F_impro04_M005,neu,2.5,3.5,4.0
89.4093,97.07,Ses02F_impro04_M006,neu,2.5,4.0,4.0
97.17,104.0,Ses02F_impro04_M007,neu,4.0,3.5,4.0
111.55,116.4043,Ses02F_impro04_M008,neu,2.0,2.5,3.5
129.3592,135.09,Ses02F_impro04_M009,neu,2.0,3.0,3.5
135.85,145.057,Ses02F_impro04_M010,neu,2.5,3.5,4.0
145.067,151.05,Ses02F_impro04_M011,neu,3.0,3.5,4.0
156.7354,174.3532,Ses02F_impro04_M012,neu,4.0,4.0,4.5
192.84,205.99,Ses02F_impro04_M013,neu,3.5,4.0,4.0
207.1941,212.1841,Ses02F_impro04_M014,fru,3.0,3.5,2.0
229.5,242.27,Ses02F_impro04_M015,neu,3.5,3.5,4.0
244.79,245.9,Ses02F_impro04_M016,neu,3.0,2.5,2.5
245.97,248.0,Ses02F_impro04_M017,neu,3.0,2.5,3.5
257.1676,266.49,Ses02F_impro04_M018,neu,2.0,4.0,4.0
271.69,277.0401,Ses02F_impro04_M019,neu,2.0,3.0,3.0
287.19,288.55,Ses02F_impro04_M020,xxx,2.5,2.0,2.5
4.1392,7.7911,Ses02F_impro05_F000,neu,3.5,3.0,2.5
11.43,18.72,Ses02F_impro05_F001,neu,3.0,3.0,2.5
26.75,29.37,Ses02F_impro05_F002,sur,2.0,2.5,2.5
35.2,39.8027,Ses02F_impro05_F003,sur,2.5,3.5,3.0
52.65,54.11,Ses02F_impro05_F004,neu,3.0,2.5,2.5
59.06,74.78,Ses02F_impro05_F005,sur,1.5,4.0,4.0
82.29,90.68,Ses02F_impro05_F006,ang,2.0,4.5,4.0
95.42,101.5979,Ses02F_impro05_F007,fru,2.5,4.0,4.0
109.53,115.69,Ses02F_impro05_F008,xxx,1.5,4.0,3.0
115.72,120.15,Ses02F_impro05_F009,xxx,1.5,4.0,2.5
121.61,124.57,Ses02F_impro05_F010,ang,2.0,4.0,3.5
130.42,132.35,Ses02F_impro05_F011,fru,2.5,3.0,3.0
138.64,148.6,Ses02F_impro05_F012,xxx,1.5,4.5,4.0
163.63,176.7571,Ses02F_impro05_F013,fru,2.0,3.5,3.5
179.54,182.65,Ses02F_impro05_F014,fru,1.5,3.5,3.0
189.56,192.51,Ses02F_impro05_F015,fru,2.0,2.5,3.5
194.0678,206.9469,Ses02F_impro05_F016,fru,1.5,3.5,3.5
217.09,224.4595,Ses02F_impro05_F017,fru,2.0,3.5,3.5
225.49,227.94,Ses02F_impro05_F018,fru,2.0,2.5,4.0
241.32,247.38,Ses02F_impro05_F019,ang,2.0,3.5,4.0
265.71,268.34,Ses02F_impro05_F020,fru,2.5,2.5,3.0
270.81,271.98,Ses02F_impro05_F021,xxx,2.5,2.0,2.0
274.01,276.5639,Ses02F_impro05_F022,fru,2.5,3.0,3.0
8.3,12.93,Ses02F_impro05_M000,neu,3.0,2.5,2.0
18.77,27.35,Ses02F_impro05_M001,neu,3.0,2.5,2.5
29.42,35.95,Ses02F_impro05_M002,neu,3.0,2.5,2.0
39.82,47.17,Ses02F_impro05_M003,neu,3.0,2.5,2.5
47.18,54.43,Ses02F_impro05_M004,neu,3.5,2.5,2.5
54.52,58.9138,Ses02F_impro05_M005,neu,3.0,2.5,1.5
74.43,84.45,Ses02F_impro05_M006,neu,3.0,2.5,2.5
90.77,97.63,Ses02F_impro05_M007,neu,2.5,3.0,2.5
101.6919,109.68,Ses02F_impro05_M008,neu,2.5,2.5,2.5
118.1619,122.1723,Ses02F_impro05_M009,neu,2.5,3.0,2.0
124.06,131.2021,Ses02F_impro05_M010,neu,2.5,2.5,3.0
132.543,140.2,Ses02F_impro05_M011,neu,2.5,3.0,2.5
147.74,164.39,Ses02F_impro05_M012,neu,2.5,3.0,3.5
176.48,180.5,Ses02F_impro05_M013,neu,2.5,2.0,2.5
182.6,189.65,Ses02F_impro05_M014,neu,2.5,3.0,3.0
189.66,191.54,Ses02F_impro05_M015,neu,2.5,2.5,1.5
205.22,217.07,Ses02F_impro05_M016,neu,2.5,3.5,3.5
217.08,220.45,Ses02F_impro05_M017,neu,2.5,3.0,3.0
224.51,226.28,Ses02F_impro05_M018,neu,2.5,3.0,3.0
227.81,242.31,Ses02F_impro05_M019,neu,3.0,2.5,3.0
248.0522,265.9529,Ses02F_impro05_M020,neu,2.5,3.0,3.5
268.5221,274.21,Ses02F_impro05_M021,neu,2.5,2.5,2.5
10.31,15.4,Ses02F_impro06_F000,sad,1.6667,2.0,2.0
21.15,23.86,Ses02F_impro06_F001,sad,1.3333,2.0,1.6667
25.52,32.26,Ses02F_impro06_F002,sad,1.6667,3.0,2.6667
41.73,43.37,Ses02F_impro06_F003,sad,1.3333,1.3333,1.6667
52.1888,54.6,Ses02F_impro06_F004,sad,1.3333,2.6667,2.0
75.8818,78.68,Ses02F_impro06_F005,sad,1.6667,2.0,2.0
82.16,88.2252,Ses02F_impro06_F006,sad,2.0,2.6667,2.3333
107.03,113.82,Ses02F_impro06_F007,sad,2.0,2.3333,2.0
114.3099,122.5338,Ses02F_impro06_F008,sad,2.0,2.6667,2.3333
130.67,132.78,Ses02F_impro06_F009,sad,2.6667,3.3333,2.6667
153.92,157.2495,Ses02F_impro06_F010,sad,2.0,1.6667,1.6667
172.77,174.93,Ses02F_impro06_F011,sad,1.3333,3.3333,2.0
176.03,179.129,Ses02F_impro06_F012,sad,1.3333,3.3333,2.3333
185.34,191.3555,Ses02F_impro06_F013,sad,2.0,3.0,1.6667
218.2176,219.4604,Ses02F_impro06_F014,sad,2.3333,1.6667,2.0
5.7967,8.0783,Ses02F_impro06_M000,neu,3.0,2.3333,1.6667
15.7633,20.64,Ses02F_impro06_M001,neu,2.0,2.0,1.6667
20.77,23.33,Ses02F_impro06_M002,neu,2.0,2.3333,2.3333
24.56,25.89,Ses02F_impro06_M003,neu,2.3333,2.3333,1.6667
33.11,40.3,Ses02F_impro06_M004,neu,2.3333,2.3333,2.3333
43.34,50.1,Ses02F_impro06_M005,neu,2.6667,2.0,2.6667
55.58,57.9644,Ses02F_impro06_M006,neu,3.0,2.0,2.6667
59.12,68.5,Ses02F_impro06_M007,neu,3.0,2.0,2.3333
70.82,76.17,Ses02F_impro06_M008,neu,2.6667,1.6667,2.0
88.4296,99.1347,Ses02F_impro06_M009,neu,2.6667,2.0,2.6667
100.7536,107.0617,Ses02F_impro06_M010,neu,2.6667,3.0,2.3333
122.2578,130.86,Ses02F_impro06_M011,neu,3.3333,2.3333,2.6667
132.59,138.25,Ses02F_impro06_M012,neu,3.0,2.3333,2.6667
138.68,153.21,Ses02F_impro06_M013,neu,2.6667,3.0,3.0
158.59,160.82,Ses02F_impro06_M014,neu,1.6667,2.0,2.0
164.25,172.35,Ses02F_impro06_M015,neu,2.6667,2.0,2.3333
175.43,177.5861,Ses02F_impro06_M016,neu,3.0,3.0,3.0
179.23,187.37,Ses02F_impro06_M017,neu,2.6667,2.0,2.6667
196.5253,210.6666,Ses02F_impro06_M018,neu,2.6667,2.3333,2.6667
212.8076,217.7894,Ses02F_impro06_M019,neu,2.3333,2.3333,2.6667
9.1738,13.9432,Ses02F_impro07_F000,xxx,4.0,3.5,4.5
17.275,19.55,Ses02F_impro07_F001,exc,5.0,4.0,4.0
20.46,22.93,Ses02F_impro07_F002,exc,4.5,4.0,4.5
22.94,28.74,Ses02F_impro07_F003,exc,4.0,4.0,4.5
28.75,29.95,Ses02F_impro07_F004,exc,4.0,3.5,3.0
29.97,31.0789,Ses02F_impro07_F005,exc,4.0,3.5,3.0
31.0983,33.0,Ses02F_impro07_F006,exc,5.0,4.0,3.5
34.45,40.6076,Ses02F_impro07_F007,exc,4.5,4.0,4.0
40.63,48.35,Ses02F_impro07_F008,exc,4.5,4.0,4.5
48.37,52.63,Ses02F_impro07_F009,exc,4.0,4.5,4.5
52.63,57.8,Ses02F_impro07_F010,exc,3.5,4.0,4.5
57.81,65.93,Ses02F_impro07_F011,exc,4.0,4.0,4.5
65.94,71.19,Ses02F_impro07_F012,exc,4.0,3.0,4.0
71.2,74.5,Ses02F_impro07_F013,exc,4.0,3.5,3.5
77.31,83.57,Ses02F_impro07_F014,exc,3.0,3.5,4.0
83.58,87.53,Ses02F_impro07_F015,exc,4.0,3.5,4.5
87.54,89.98,Ses02F_impro07_F016,exc,3.5,3.0,4.0
90.0,96.9445,Ses02F_impro07_F017,exc,3.5,3.0,4.0
100.0166,111.3549,Ses02F_impro07_F018,exc,4.5,4.0,4.5
111.95,121.29,Ses02F_impro07_F019,exc,4.0,3.0,4.0
121.3,123.8909,Ses02F_impro07_F020,exc,4.0,3.5,3.5
125.8858,133.4,Ses02F_impro07_F021,exc,4.0,3.0,3.5
133.42,144.7518,Ses02F_impro07_F022,exc,3.5,3.5,4.0
144.76,146.45,Ses02F_impro07_F023,exc,4.0,3.0,2.5
146.47,148.65,Ses02F_impro07_F024,exc,4.0,3.0,3.5
148.67,156.3102,Ses02F_impro07_F025,exc,4.0,4.0,4.0
159.7568,165.88,Ses02F_impro07_F026,exc,4.5,4.5,4.5
166.96,168.26,Ses02F_impro07_F027,exc,4.0,4.0,3.5
168.29,172.3,Ses02F_impro07_F028,exc,4.0,4.0,3.5
172.53,173.6,Ses02F_impro07_F029,exc,4.0,2.5,2.0
173.8219,175.6762,Ses02F_impro07_F030,exc,5.0,4.5,4.0
177.15,179.84,Ses02F_impro07_F031,exc,4.0,3.0,3.0
180.3892,182.3015,Ses02F_impro07_F032,exc,3.5,3.5,3.0
182.31,186.7475,Ses02F_impro07_F033,exc,3.5,2.5,3.5
187.1942,193.4503,Ses02F_impro07_F034,exc,3.5,3.5,3.0
195.3825,199.0482,Ses02F_impro07_F035,exc,4.5,4.5,4.0
200.2705,202.51,Ses02F_impro07_F036,exc,4.0,4.5,4.0
202.57,204.21,Ses02F_impro07_F037,exc,4.0,3.0,4.0
6.7677,9.5033,Ses02F_impro07_M000,neu,4.0,3.5,3.5
13.9746,16.8885,Ses02F_impro07_M001,exc,3.5,3.0,3.5
19.04,20.87,Ses02F_impro07_M002,exc,5.0,3.5,4.0
21.85,23.51,Ses02F_impro07_M003,exc,3.0,3.5,3.0
28.17,29.59,Ses02F_impro07_M004,exc,4.0,3.0,3.5
29.61,35.0773,Ses02F_impro07_M005,exc,5.0,4.0,4.5
40.69,43.58,Ses02F_impro07_M006,exc,3.5,3.0,3.5
44.6,45.82,Ses02F_impro07_M007,exc,3.5,3.0,3.0
50.09,51.41,Ses02F_impro07_M008,exc,4.0,3.0,4.0
51.47,52.61,Ses02F_impro07_M009,exc,3.5,2.5,3.0
57.45,60.57,Ses02F_impro07_M010,exc,4.5,3.5,4.0
63.143,64.9973,Ses02F_impro07_M011,exc,4.0,2.5,3.0
71.3699,74.5199,Ses02F_impro07_M012,xxx,4.0,3.0,3.5
74.5199,78.25,Ses02F_impro07_M013,xxx,3.0,3.5,4.0
82.88,84.21,Ses02F_impro07_M014,xxx,3.5,2.5,3.5
88.3886,89.52,Ses02F_impro07_M015,xxx,3.5,2.5,2.5
90.02,91.12,Ses02F_impro07_M016,neu,3.5,2.5,2.0
95.59,101.15,Ses02F_impro07_M017,exc,4.0,3.5,4.0
108.7087,110.3028,Ses02F_impro07_M018,hap,4.0,2.5,3.5
110.3312,112.55,Ses02F_impro07_M019,hap,4.0,3.0,3.0
123.1375,127.2904,Ses02F_impro07_M020,xxx,4.0,3.0,3.5
130.0139,132.6988,Ses02F_impro07_M021,xxx,4.0,2.5,3.0
143.7874,145.6256,Ses02F_impro07_M022,xxx,4.0,3.0,2.5
148.7694,150.1409,Ses02F_impro07_M023,exc,4.0,2.5,2.5
156.3531,159.9725,Ses02F_impro07_M024,xxx,4.0,4.0,4.0
159.9725,160.88,Ses02F_impro07_M025,xxx,4.0,3.0,3.0
160.8997,162.21,Ses02F_impro07_M026,xxx,4.0,3.5,4.0
163.24,164.93,Ses02F_impro07_M027,exc,4.0,3.0,3.0
165.5326,173.6674,Ses02F_impro07_M028,exc,4.0,4.0,4.0
173.7,178.786,Ses02F_impro07_M029,exc,4.0,4.0,4.0
179.54,183.499,Ses02F_impro07_M030,xxx,4.0,3.5,4.0
185.0531,187.1315,Ses02F_impro07_M031,xxx,4.0,2.5,3.5
188.31,189.62,Ses02F_impro07_M032,xxx,3.5,2.5,2.5
190.01,192.45,Ses02F_impro07_M033,xxx,3.5,3.0,3.0
192.5002,195.3199,Ses02F_impro07_M034,exc,4.0,3.5,3.5
198.3914,203.6839,Ses02F_impro07_M035,xxx,4.0,3.0,3.5
5.072,9.3683,Ses02F_impro08_F000,neu,3.5,3.0,3.5
17.0726,18.7868,Ses02F_impro08_F001,neu,4.0,2.5,3.5
20.8328,25.5744,Ses02F_impro08_F002,neu,4.0,3.0,4.0
26.0444,29.5192,Ses02F_impro08_F003,neu,4.0,2.5,3.0
34.4217,41.707,Ses02F_impro08_F004,neu,3.5,3.0,4.0
41.7208,49.8355,Ses02F_impro08_F005,neu,4.0,3.0,4.0
49.8493,56.3328,Ses02F_impro08_F006,neu,3.5,3.5,4.0
56.3466,57.4525,Ses02F_impro08_F007,neu,4.0,2.5,3.5
57.5493,62.4568,Ses02F_impro08_F008,neu,4.0,3.0,3.5
62.4706,66.7146,Ses02F_impro08_F009,neu,3.5,3.0,3.0
66.7422,79.4747,Ses02F_impro08_F010,neu,3.5,3.0,4.0
81.6722,84.0361,Ses02F_impro08_F011,neu,3.5,2.5,3.5
86.4414,99.3203,Ses02F_impro08_F012,neu,3.5,3.5,4.0
99.3367,107.9377,Ses02F_impro08_F013,neu,3.5,3.0,4.0
108.8601,110.2602,Ses02F_impro08_F014,neu,4.0,3.0,3.0
114.0341,115.5271,Ses02F_impro08_F015,neu,4.0,2.5,3.0
118.9969,122.0827,Ses02F_impro08_F016,neu,3.5,2.5,3.0
123.393,126.3472,Ses02F_impro08_F017,neu,4.0,3.5,3.5
126.9596,130.7963,Ses02F_impro08_F018,neu,4.0,3.5,3.5
133.8439,143.7972,Ses02F_impro08_F019,neu,3.5,4.0,4.0
146.3132,148.7047,Ses02F_impro08_F020,neu,3.5,3.0,3.0
153.6399,162.0139,Ses02F_impro08_F021,neu,3.5,2.5,4.0
162.0146,173.1274,Ses02F_impro08_F022,neu,3.5,3.5,4.0
175.2053,185.2554,Ses02F_impro08_F023,neu,3.5,3.0,4.0
185.2692,190.5223,Ses02F_impro08_F024,neu,3.5,3.5,4.0
193.5359,199.2729,Ses02F_impro08_F025,neu,4.0,3.5,4.0
200.4894,205.6457,Ses02F_impro08_F026,neu,4.0,3.0,4.0
205.6872,207.1232,Ses02F_impro08_F027,neu,4.0,3.0,4.0
6.207,8.17,Ses02F_impro08_M000,fru,2.5,3.0,3.5
9.4065,17.6256,Ses02F_impro08_M001,fru,2.0,3.5,4.5
17.6532,22.1184,Ses02F_impro08_M002,fru,2.5,3.0,4.0
25.2703,26.3762,Ses02F_impro08_M003,neu,3.0,2.5,3.5
29.1963,35.8594,Ses02F_impro08_M004,fru,3.0,3.5,3.5
55.8649,61.445,Ses02F_impro08_M005,neu,3.0,3.0,3.0
62.443,64.3092,Ses02F_impro08_M006,neu,4.0,2.5,3.0
78.2023,87.4005,Ses02F_impro08_M007,neu,3.0,4.0,4.0
107.6198,109.3063,Ses02F_impro08_M008,neu,3.0,3.0,3.0
109.8178,116.1077,Ses02F_impro08_M009,neu,3.5,4.0,3.5
116.163,120.5591,Ses02F_impro08_M010,neu,3.0,4.0,3.5
122.0458,123.6128,Ses02F_impro08_M011,neu,3.0,3.0,3.0
125.5349,127.8996,Ses02F_impro08_M012,neu,2.5,3.5,3.5
130.3879,134.9498,Ses02F_impro08_M013,neu,3.5,3.0,2.5
143.5207,146.8899,Ses02F_impro08_M014,xxx,4.0,3.5,3.0
148.3729,154.4831,Ses02F_impro08_M015,neu,3.0,3.0,3.0
171.9981,177.3618,Ses02F_impro08_M016,neu,3.0,3.0,2.5
188.8496,196.5496,Ses02F_impro08_M017,xxx,3.5,2.5,3.5
199.107,202.0927,Ses02F_impro08_M018,neu,3.5,2.5,3.0
204.6773,205.9775,Ses02F_impro08_M019,neu,4.0,2.5,2.5
7.05,10.52,Ses02F_script01_1_F000,xxx,2.5,3.0,2.5
11.55,15.08,Ses02F_script01_1_F001,xxx,2.0,3.0,3.0
16.55,18.0,Ses02F_script01_1_F002,xxx,2.0,2.0,2.5
24.59,27.79,Ses02F_script01_1_F003,xxx,2.0,3.5,3.0
33.2025,35.1973,Ses02F_script01_1_F004,sad,2.0,2.0,3.0
39.1,41.86,Ses02F_script01_1_F005,sad,2.0,2.0,2.5
44.88,47.19,Ses02F_script01_1_F006,sad,2.0,2.5,3.0
47.25,51.2394,Ses02F_script01_1_F007,xxx,2.0,3.5,4.0
52.76,58.25,Ses02F_script01_1_F008,xxx,2.0,2.5,4.0
64.25,65.66,Ses02F_script01_1_F009,xxx,2.5,2.5,2.5
70.0,71.85,Ses02F_script01_1_F010,xxx,2.0,3.0,3.5
78.23,80.27,Ses02F_script01_1_F011,fru,2.5,3.0,3.0
96.48,98.71,Ses02F_script01_1_F012,fru,2.0,2.5,4.0
99.88,102.43,Ses02F_script01_1_F013,fru,2.5,4.0,3.5
106.41,116.22,Ses02F_script01_1_F014,fru,2.0,3.5,4.0
118.21,126.02,Ses02F_script01_1_F015,xxx,2.0,4.0,4.0
131.63,133.08,Ses02F_script01_1_F016,xxx,3.0,2.0,2.0
134.54,138.67,Ses02F_script01_1_F017,sad,2.5,3.0,2.5
142.52,144.9616,Ses02F_script01_1_F018,neu,2.5,3.0,3.5
147.2,150.78,Ses02F_script01_1_F019,ang,2.0,3.5,3.5
153.44,157.3,Ses02F_script01_1_F020,xxx,2.0,3.5,2.5
157.81,159.75,Ses02F_script01_1_F021,neu,2.0,3.0,3.5
169.52,173.02,Ses02F_script01_1_F022,xxx,2.5,3.5,4.0
173.9,179.63,Ses02F_script01_1_F023,fru,2.0,3.5,4.5
179.66,187.68,Ses02F_script01_1_F024,fru,2.0,3.5,4.5
199.53,202.24,Ses02F_script01_1_F025,neu,3.5,2.0,3.0
203.2237,206.3,Ses02F_script01_1_F026,neu,2.5,3.5,3.5
208.33,212.7334,Ses02F_script01_1_F027,neu,2.5,3.0,3.0
225.01,227.92,Ses02F_script01_1_F028,sad,2.0,3.5,3.5
227.95,229.497,Ses02F_script01_1_F029,fru,2.0,3.0,3.5
231.1923,234.0509,Ses02F_script01_1_F030,fru,2.0,4.0,4.0
236.3101,244.83,Ses02F_script01_1_F031,fru,2.0,3.0,4.0
252.91,261.31,Ses02F_script01_1_F032,fru,1.5,4.0,4.5
261.33,264.88,Ses02F_script01_1_F033,fru,2.0,3.5,4.5
265.58,268.27,Ses02F_script01_1_F034,fru,1.5,4.0,3.5
281.74,283.66,Ses02F_script01_1_F035,sur,2.0,2.5,4.0
289.08,290.77,Ses02F_script01_1_F036,ang,1.5,3.5,4.0
293.36,295.88,Ses02F_script01_1_F037,ang,2.0,4.5,4.5
298.41,300.58,Ses02F_script01_1_F038,ang,1.5,3.5,4.0
316.25,319.83,Ses02F_script01_1_F039,xxx,1.5,2.5,4.0
322.49,325.8319,Ses02F_script01_1_F040,ang,1.5,3.5,3.5
326.7,336.4,Ses02F_script01_1_F041,xxx,1.5,4.5,4.5
339.26,343.76,Ses02F_script01_1_F042,fru,1.5,3.5,4.0
346.56,349.87,Ses02F_script01_1_F043,fru,2.0,2.0,3.0
353.52,356.2,Ses02F_script01_1_F044,sad,3.5,2.0,2.5
10.17,11.81,Ses02F_script01_1_M000,xxx,3.0,2.5,3.0
14.96,16.8,Ses02F_script01_1_M001,xxx,3.0,3.0,3.0
17.7378,24.94,Ses02F_script01_1_M002,xxx,3.0,2.5,3.5
27.7,33.82,Ses02F_script01_1_M003,xxx,2.0,2.0,3.0
34.6933,39.45,Ses02F_script01_1_M004,xxx,3.0,2.5,3.5
41.07,44.3927,Ses02F_script01_1_M005,xxx,2.5,2.5,3.0
51.33,53.07,Ses02F_script01_1_M006,xxx,2.5,2.5,2.5
58.6,64.59,Ses02F_script01_1_M007,xxx,2.5,2.5,3.5
65.82,70.79,Ses02F_script01_1_M008,xxx,2.0,2.5,3.5
72.19,78.96,Ses02F_script01_1_M009,xxx,2.0,3.0,4.0
79.99,86.28,Ses02F_script01_1_M010,xxx,2.0,3.0,3.5
86.35,97.8,Ses02F_script01_1_M011,ang,2.0,3.5,4.5
98.22,100.16,Ses02F_script01_1_M012,fru,2.5,3.5,4.0
102.09,107.18,Ses02F_script01_1_M013,ang,2.0,3.5,4.0
116.1,118.49,Ses02F_script01_1_M014,xxx,2.5,3.0,3.0
124.86,131.81,Ses02F_script01_1_M015,fru,2.0,3.0,3.5
133.06,134.41,Ses02F_script01_1_M016,xxx,3.0,3.0,3.5
139.31,141.78,Ses02F_script01_1_M017,neu,3.0,2.5,3.5
144.93,147.74,Ses02F_script01_1_M018,fru,2.5,2.5,3.5
150.84,152.16,Ses02F_script01_1_M019,fru,2.0,3.5,3.5
152.17,153.81,Ses02F_script01_1_M020,fru,2.0,3.0,3.5
155.79,158.58,Ses02F_script01_1_M021,ang,2.0,3.5,4.5
158.83,170.45,Ses02F_script01_1_M022,xxx,2.0,4.0,4.5
172.74,174.76,Ses02F_script01_1_M023,ang,2.0,2.5,3.5
187.68,200.6209,Ses02F_script01_1_M024,fru,1.5,3.5,4.5
201.98,203.36,Ses02F_script01_1_M025,ang,1.5,3.0,4.0
206.12,208.47,Ses02F_script01_1_M026,xxx,3.0,2.5,3.5
212.7,225.6616,Ses02F_script01_1_M027,sad,2.0,3.0,4.0
229.29,231.46,Ses02F_script01_1_M028,xxx,2.0,3.0,3.5
234.39,235.97,Ses02F_script01_1_M029,neu,3.0,2.5,3.5
244.35,249.49,Ses02F_script01_1_M030,xxx,2.5,3.5,3.5
249.54,253.71,Ses02F_script01_1_M031,fru,2.5,3.5,3.5
263.87,265.82,Ses02F_script01_1_M032,fru,2.5,3.0,3.5
268.0638,277.8066,Ses02F_script01_1_M033,fru,2.0,4.0,4.0
277.84,281.74,Ses02F_script01_1_M034,xxx,2.0,2.5,3.5
283.7606,289.8709,Ses02F_script01_1_M035,xxx,2.0,3.5,4.0
290.27,293.54,Ses02F_script01_1_M036,ang,1.5,4.0,4.5
295.54,298.99,Ses02F_script01_1_M037,ang,1.5,3.5,4.0
299.37,306.84,Ses02F_script01_1_M038,ang,1.5,4.0,4.5
306.89,316.39,Ses02F_script01_1_M039,xxx,2.0,3.5,4.5
319.97,322.48,Ses02F_script01_1_M040,neu,2.5,2.5,4.0
325.58,328.52,Ses02F_script01_1_M041,xxx,2.0,3.0,4.0
335.16,338.97,Ses02F_script01_1_M042,fru,2.5,3.5,4.0
343.35,345.67,Ses02F_script01_1_M043,neu,2.5,2.5,4.0
350.05,353.43,Ses02F_script01_1_M044,neu,2.5,2.5,3.5
5.84,8.12,Ses02F_script01_2_F000,xxx,2.0,2.6667,3.0
9.3,13.51,Ses02F_script01_2_F001,xxx,2.3333,3.6667,3.6667
14.96,18.76,Ses02F_script01_2_F002,xxx,2.3333,2.6667,4.0
27.77,28.9,Ses02F_script01_2_F003,xxx,3.0,3.3333,3.0
28.92,30.75,Ses02F_script01_2_F004,oth,2.6667,2.6667,3.3333
32.31,34.46,Ses02F_script01_2_F005,ang,2.3333,3.3333,3.6667
37.6,39.72,Ses02F_script01_2_F006,xxx,2.0,3.3333,3.3333
39.75,42.84,Ses02F_script01_2_F007,xxx,2.0,3.6667,3.6667
44.52,53.51,Ses02F_script01_2_F008,fru,2.3333,3.3333,3.0
54.71,63.76,Ses02F_script01_2_F009,fru,2.3333,3.3333,4.0
66.24,74.57,Ses02F_script01_2_F010,xxx,2.0,2.3333,4.0
75.5,84.12,Ses02F_script01_2_F011,fru,1.6667,4.0,3.6667
84.76,90.0,Ses02F_script01_2_F012,ang,1.6667,3.6667,3.6667
90.03,97.25,Ses02F_script01_2_F013,ang,1.6667,4.0,3.6667
97.27,100.95,Ses02F_script01_2_F014,fru,1.3333,3.3333,3.3333
100.96,106.12,Ses02F_script01_2_F015,fru,2.0,4.0,3.0
106.27,109.48,Ses02F_script01_2_F016,fru,2.0,3.3333,3.6667
111.19,114.2492,Ses02F_script01_2_F017,fru,2.0,2.3333,2.3333
117.97,119.87,Ses02F_script01_2_F018,fru,1.6667,3.3333,3.0
8.08,9.72,Ses02F_script01_2_M000,xxx,3.0,2.6667,3.0
12.53,15.66,Ses02F_script01_2_M001,neu,3.0,3.3333,3.0
18.62,24.2,Ses02F_script01_2_M002,neu,3.0,2.6667,3.3333
24.51,28.2,Ses02F_script01_2_M003,xxx,2.3333,2.6667,3.3333
30.23,32.51,Ses02F_script01_2_M004,neu,2.6667,2.6667,2.6667
35.89,37.61,Ses02F_script01_2_M005,neu,3.0,2.6667,2.0
39.01,40.9,Ses02F_script01_2_M006,neu,3.0,2.6667,2.6667
42.92,44.86,Ses02F_script01_2_M007,neu,3.0,2.0,3.0
53.21,55.56,Ses02F_script01_2_M008,neu,2.6667,1.6667,2.6667
63.92,66.82,Ses02F_script01_2_M009,fru,3.0,3.0,2.6667
74.43,76.68,Ses02F_script01_2_M010,fru,2.6667,3.0,2.6667
83.8,85.07,Ses02F_script01_2_M011,fru,3.0,2.3333,2.6667
95.76,97.43,Ses02F_script01_2_M012,fru,3.0,2.6667,4.0
100.21,102.12,Ses02F_script01_2_M013,fru,3.0,2.3333,3.0
104.9,107.82,Ses02F_script01_2_M014,fru,3.0,3.0,3.6667
108.69,111.75,Ses02F_script01_2_M015,xxx,2.6667,3.3333,3.0
114.0,116.5,Ses02F_script01_2_M016,ang,1.6667,3.3333,3.3333
116.61,118.93,Ses02F_script01_2_M017,ang,1.6667,3.0,4.0
119.43,123.89,Ses02F_script01_2_M018,ang,2.0,3.0,4.0
6.63,9.54,Ses02F_script01_3_F000,xxx,4.0,3.0,3.0
12.12,14.1,Ses02F_script01_3_F001,xxx,4.0,3.0,3.0
14.91,18.46,Ses02F_script01_3_F002,xxx,4.0,2.5,3.5
21.09,26.81,Ses02F_script01_3_F003,xxx,3.5,2.5,3.0
28.64,32.7638,Ses02F_script01_3_F004,xxx,3.0,3.0,3.0
33.42,40.86,Ses02F_script01_3_F005,xxx,3.0,3.0,2.0
41.95,46.29,Ses02F_script01_3_F006,xxx,3.5,2.5,2.5
56.4918,58.79,Ses02F_script01_3_F007,xxx,4.0,3.0,3.0
60.83,61.5,Ses02F_script01_3_F008,xxx,3.0,2.5,2.5
61.54,64.12,Ses02F_script01_3_F009,sad,3.0,3.0,3.5
73.59,78.04,Ses02F_script01_3_F010,xxx,4.0,3.0,2.0
109.14,112.32,Ses02F_script01_3_F011,xxx,4.0,3.5,4.0
115.79,118.542,Ses02F_script01_3_F012,hap,3.5,2.5,2.5
121.03,123.45,Ses02F_script01_3_F013,hap,4.0,3.0,2.5
124.82,126.7,Ses02F_script01_3_F014,hap,4.5,3.0,3.5
129.02,138.1,Ses02F_script01_3_F015,xxx,4.0,4.0,3.5
146.24,154.84,Ses02F_script01_3_F016,hap,4.5,5.0,4.5
157.59,159.21,Ses02F_script01_3_F017,xxx,3.5,2.5,3.5
160.15,166.74,Ses02F_script01_3_F018,xxx,3.0,3.5,3.0
169.81,173.32,Ses02F_script01_3_F019,xxx,2.5,2.5,3.5
176.8257,185.92,Ses02F_script01_3_F020,sad,2.5,2.0,3.5
191.13,193.3241,Ses02F_script01_3_F021,sad,3.0,3.5,3.5
196.69,198.64,Ses02F_script01_3_F022,sad,2.0,2.0,3.0
206.99,208.41,Ses02F_script01_3_F023,sad,3.5,2.0,2.5
211.6,213.3,Ses02F_script01_3_F024,sad,3.0,2.5,2.5
215.8937,217.6679,Ses02F_script01_3_F025,sad,2.0,2.0,3.0
331.43,333.69,Ses02F_script01_3_F026,sad,2.5,2.0,2.5
336.91,344.54,Ses02F_script01_3_F027,xxx,3.0,3.5,3.5
344.6,353.22,Ses02F_script01_3_F028,xxx,3.0,4.0,4.5
357.69,360.06,Ses02F_script01_3_F029,hap,4.5,3.5,3.5
9.44,12.17,Ses02F_script01_3_M000,xxx,3.5,3.0,3.0
19.38,21.03,Ses02F_script01_3_M001,neu,3.5,2.5,2.5
27.39,28.52,Ses02F_script01_3_M002,xxx,2.5,2.0,2.5
32.55,33.47,Ses02F_script01_3_M003,xxx,2.0,2.0,2.5
40.95,41.89,Ses02F_script01_3_M004,xxx,2.5,2.5,3.0
47.97,57.11,Ses02F_script01_3_M005,xxx,3.5,3.5,3.5
64.1368,71.7,Ses02F_script01_3_M006,xxx,3.0,3.0,3.0
80.35,87.67,Ses02F_script01_3_M007,xxx,4.0,3.5,4.5
87.94,90.85,Ses02F_script01_3_M008,xxx,4.0,4.0,4.0
91.32,99.9,Ses02F_script01_3_M009,xxx,4.0,4.0,4.5
100.4,109.93,Ses02F_script01_3_M010,exc,3.0,3.0,4.0
111.96,114.49,Ses02F_script01_3_M011,xxx,3.5,2.5,3.5
119.1197,120.31,Ses02F_script01_3_M012,xxx,2.5,2.5,3.0
123.26,124.9846,Ses02F_script01_3_M013,xxx,3.5,3.0,3.5
127.0,129.05,Ses02F_script01_3_M014,xxx,4.0,3.0,3.5
138.31,140.69,Ses02F_script01_3_M015,xxx,4.0,4.0,4.5
140.94,146.88,Ses02F_script01_3_M016,xxx,5.0,4.5,4.5
154.11,157.83,Ses02F_script01_3_M017,xxx,4.5,3.5,4.5
159.11,160.4,Ses02F_script01_3_M018,xxx,3.0,2.5,2.0
167.69,170.49,Ses02F_script01_3_M019,xxx,3.0,2.5,3.5
173.5779,176.7,Ses02F_script01_3_M020,sad,2.0,2.5,3.5
186.58,191.15,Ses02F_script01_3_M021,sad,3.0,2.0,3.5
193.87,196.2,Ses02F_script01_3_M022,sad,2.0,2.5,3.5
200.09,207.24,Ses02F_script01_3_M023,sad,2.5,2.5,3.5
209.23,211.38,Ses02F_script01_3_M024,sad,2.0,2.5,3.0
214.07,215.64,Ses02F_script01_3_M025,sad,2.0,2.0,3.0
218.09,223.28,Ses02F_script01_3_M026,sad,2.5,3.0,4.0
224.16,238.3,Ses02F_script01_3_M027,sad,3.0,3.5,4.0
238.37,247.36,Ses02F_script01_3_M028,sad,2.0,3.0,4.0
247.94,261.65,Ses02F_script01_3_M029,sad,3.0,3.5,5.0
261.69,273.34,Ses02F_script01_3_M030,sad,3.0,4.0,5.0
274.75,290.06,Ses02F_script01_3_M031,sad,2.0,3.0,4.5
290.35,307.67,Ses02F_script01_3_M032,sad,2.0,3.0,4.5
308.71,320.45,Ses02F_script01_3_M033,sad,3.0,3.0,4.5
320.83,330.73,Ses02F_script01_3_M034,sad,2.0,3.0,4.5
334.61,336.6,Ses02F_script01_3_M035,xxx,3.0,2.5,3.5
353.64,357.87,Ses02F_script01_3_M036,xxx,4.0,3.0,4.5
20.17,21.51,Ses02F_script02_1_F000,xxx,3.0,2.5,3.0
39.39,40.57,Ses02F_script02_1_F001,neu,2.0,2.5,3.0
43.99,45.74,Ses02F_script02_1_F002,xxx,2.0,2.5,3.0
46.94,49.21,Ses02F_script02_1_F003,xxx,2.5,2.5,3.5
49.84,55.59,Ses02F_script02_1_F004,xxx,2.0,3.0,4.0
72.69,73.97,Ses02F_script02_1_F005,neu,3.0,2.0,2.5
98.29,99.77,Ses02F_script02_1_F006,xxx,2.0,2.0,2.5
102.21,104.84,Ses02F_script02_1_F007,fru,2.0,2.5,3.5
111.12,113.55,Ses02F_script02_1_F008,xxx,2.0,2.5,3.0
113.91,115.4,Ses02F_script02_1_F009,xxx,3.0,2.5,3.5
116.38,117.69,Ses02F_script02_1_F010,xxx,2.5,2.5,3.5
124.44,126.12,Ses02F_script02_1_F011,xxx,2.0,2.5,3.0
127.73,130.4,Ses02F_script02_1_F012,xxx,2.0,2.5,3.5
143.19,150.19,Ses02F_script02_1_F013,fru,2.0,4.0,4.5
161.39,168.6,Ses02F_script02_1_F014,fru,2.0,2.5,3.5
169.86,171.27,Ses02F_script02_1_F015,fru,2.0,2.5,3.5
185.8,187.54,Ses02F_script02_1_F016,fru,2.0,3.0,3.5
188.43,189.7,Ses02F_script02_1_F017,xxx,2.5,2.0,2.5
201.77,211.47,Ses02F_script02_1_F018,fru,2.0,4.0,4.0
212.71,214.93,Ses02F_script02_1_F019,neu,2.5,3.0,3.0
284.04,285.6,Ses02F_script02_1_F020,xxx,3.0,2.0,2.5
287.68,289.17,Ses02F_script02_1_F021,neu,3.5,2.0,3.0
290.44,291.84,Ses02F_script02_1_F022,xxx,2.0,3.5,3.5
5.29,8.89,Ses02F_script02_1_M000,exc,3.5,3.0,3.5
8.9,13.03,Ses02F_script02_1_M001,exc,4.0,3.5,4.0
13.07,19.18,Ses02F_script02_1_M002,exc,3.0,3.5,3.5
19.22,20.31,Ses02F_script02_1_M003,exc,4.0,3.0,3.5
21.4,26.65,Ses02F_script02_1_M004,exc,3.0,2.5,3.5
26.69,31.43,Ses02F_script02_1_M005,exc,4.0,3.5,3.5
31.47,39.69,Ses02F_script02_1_M006,exc,3.0,4.0,4.0
41.24,44.05,Ses02F_script02_1_M007,xxx,2.5,3.0,3.0
46.0,47.2,Ses02F_script02_1_M008,xxx,2.5,2.5,2.0
49.01,50.5,Ses02F_script02_1_M009,neu,2.5,2.5,2.0
55.37,62.4,Ses02F_script02_1_M010,neu,3.5,3.5,4.0
62.5,67.48,Ses02F_script02_1_M011,xxx,3.0,3.5,4.0
68.15,72.9,Ses02F_script02_1_M012,neu,3.0,3.0,3.5
74.16,79.71,Ses02F_script02_1_M013,neu,4.0,3.5,4.0
80.27,85.85,Ses02F_script02_1_M014,exc,4.0,3.0,4.0
85.9,91.25,Ses02F_script02_1_M015,exc,4.0,4.0,4.0
93.45,98.21,Ses02F_script02_1_M016,exc,3.0,3.0,4.5
100.6,102.03,Ses02F_script02_1_M017,neu,2.5,3.5,3.0
105.16,111.82,Ses02F_script02_1_M018,xxx,3.0,3.5,4.0
113.3,114.19,Ses02F_script02_1_M019,neu,3.5,2.5,2.5
115.1,116.6,Ses02F_script02_1_M020,neu,3.5,2.5,3.0
117.83,124.59,Ses02F_script02_1_M021,neu,2.5,3.0,4.0
126.42,127.82,Ses02F_script02_1_M022,xxx,2.5,3.5,3.5
130.92,136.86,Ses02F_script02_1_M023,xxx,2.5,3.5,4.0
136.89,143.85,Ses02F_script02_1_M024,exc,4.0,3.5,4.0
149.67,159.0,Ses02F_script02_1_M025,exc,3.5,4.0,4.0
159.05,162.01,Ses02F_script02_1_M026,exc,3.0,3.5,4.5
168.72,170.35,Ses02F_script02_1_M027,fru,3.5,3.5,3.5
171.23,179.63,Ses02F_script02_1_M028,exc,3.5,3.5,4.0
179.67,186.61,Ses02F_script02_1_M029,xxx,4.0,4.0,4.5
187.58,188.7,Ses02F_script02_1_M030,xxx,2.5,2.5,2.5
190.28,194.78,Ses02F_script02_1_M031,neu,2.5,4.0,4.0
194.84,202.53,Ses02F_script02_1_M032,xxx,4.0,4.0,4.0
211.43,213.08,Ses02F_script02_1_M033,neu,2.5,3.0,3.0
214.53,220.1,Ses02F_script02_1_M034,xxx,2.5,3.5,4.0
220.63,225.08,Ses02F_script02_1_M035,exc,2.5,3.5,3.5
225.14,233.26,Ses02F_script02_1_M036,exc,4.0,4.0,4.0
233.38,239.73,Ses02F_script02_1_M037,xxx,3.0,3.5,4.5
240.04,247.15,Ses02F_script02_1_M038,xxx,3.0,4.0,4.0
247.17,261.54,Ses02F_script02_1_M039,exc,3.5,4.0,4.5
261.74,271.7,Ses02F_script02_1_M040,exc,3.5,3.5,4.5
271.71,280.18,Ses02F_script02_1_M041,exc,4.0,3.5,4.5
280.21,284.64,Ses02F_script02_1_M042,exc,4.0,4.0,3.5
285.95,287.87,Ses02F_script02_1_M043,neu,3.0,3.0,3.0
288.8,290.29,Ses02F_script02_1_M044,neu,3.0,3.0,3.0
6.33,7.72,Ses02F_script02_2_F000,neu,2.5,2.0,2.5
9.5015,11.26,Ses02F_script02_2_F001,fru,2.5,3.5,2.5
14.81,21.45,Ses02F_script02_2_F002,xxx,2.5,3.5,4.0
22.96,34.98,Ses02F_script02_2_F003,xxx,2.5,4.0,4.0
36.01,38.97,Ses02F_script02_2_F004,xxx,2.5,3.0,3.5
45.21,52.65,Ses02F_script02_2_F005,ang,1.5,4.5,4.5
53.2,57.7,Ses02F_script02_2_F006,ang,2.0,4.0,4.0
67.31,70.98,Ses02F_script02_2_F007,fru,1.5,4.0,3.5
71.75,75.23,Ses02F_script02_2_F008,fru,2.0,4.0,3.5
76.89,79.73,Ses02F_script02_2_F009,fru,2.0,3.5,4.0
80.77,86.15,Ses02F_script02_2_F010,fru,2.0,4.0,4.5
86.16,99.71,Ses02F_script02_2_F011,ang,1.5,5.0,5.0
101.28,103.81,Ses02F_script02_2_F012,fru,2.0,3.5,3.5
104.93,111.9,Ses02F_script02_2_F013,fru,1.5,4.0,4.5
113.25,116.23,Ses02F_script02_2_F014,xxx,1.0,4.5,5.0
143.69,149.72,Ses02F_script02_2_F015,sad,2.5,3.0,4.0
149.74,159.76,Ses02F_script02_2_F016,sad,4.0,4.0,3.5
159.7833,169.32,Ses02F_script02_2_F017,sad,3.5,4.0,4.5
169.34,178.17,Ses02F_script02_2_F018,sad,4.0,4.5,4.0
178.78,183.33,Ses02F_script02_2_F019,sad,4.0,4.0,4.0
196.73,202.01,Ses02F_script02_2_F020,sad,2.5,3.0,3.5
206.41,207.55,Ses02F_script02_2_F021,sad,2.5,2.0,2.5
208.74,209.72,Ses02F_script02_2_F022,sad,2.5,2.5,2.0
210.68,211.83,Ses02F_script02_2_F023,xxx,2.0,3.5,2.5
213.2,214.07,Ses02F_script02_2_F024,sad,2.0,2.0,2.5
215.21,216.2,Ses02F_script02_2_F025,fru,2.5,2.0,2.5
217.41,218.68,Ses02F_script02_2_F026,fru,2.0,3.5,3.5
218.93,220.14,Ses02F_script02_2_F027,fru,2.0,4.0,4.0
225.57,229.17,Ses02F_script02_2_F028,xxx,1.0,4.5,4.5
269.0,274.06,Ses02F_script02_2_F029,xxx,1.5,4.0,3.5
274.85,280.45,Ses02F_script02_2_F030,xxx,1.5,4.0,4.5
281.5765,286.6,Ses02F_script02_2_F031,sad,1.5,4.0,3.5
288.24,302.74,Ses02F_script02_2_F032,xxx,1.5,3.5,4.0
305.38,308.72,Ses02F_script02_2_F033,sad,2.5,3.5,3.0
308.75,324.1,Ses02F_script02_2_F034,sad,1.5,3.0,3.5
327.15,328.77,Ses02F_script02_2_F035,sad,2.0,2.0,2.5
332.84,337.14,Ses02F_script02_2_F036,xxx,2.0,3.5,3.5
338.73,341.99,Ses02F_script02_2_F037,xxx,3.0,3.5,3.5
342.08,350.2,Ses02F_script02_2_F038,sad,1.5,3.0,4.5
357.06,364.83,Ses02F_script02_2_F039,xxx,3.5,3.0,3.0
370.64,377.73,Ses02F_script02_2_F040,xxx,4.0,2.5,3.5
379.87,382.76,Ses02F_script02_2_F041,hap,4.0,4.0,3.5
383.7,387.6,Ses02F_script02_2_F042,hap,4.0,3.0,3.5
393.41,402.26,Ses02F_script02_2_F043,hap,4.0,3.0,3.5
405.93,408.26,Ses02F_script02_2_F044,sad,2.5,3.5,3.5
412.15,413.92,Ses02F_script02_2_F045,hap,4.0,2.5,2.5
4.27,6.3631,Ses02F_script02_2_M000,exc,3.5,3.5,3.5
7.76,9.07,Ses02F_script02_2_M001,neu,3.0,3.5,3.0
11.44,15.53,Ses02F_script02_2_M002,neu,2.5,3.5,4.0
21.24,23.66,Ses02F_script02_2_M003,neu,2.5,3.5,3.0
34.69,36.9,Ses02F_script02_2_M004,xxx,2.5,3.0,2.0
38.73,45.56,Ses02F_script02_2_M005,neu,3.0,3.0,2.5
51.79,53.51,Ses02F_script02_2_M006,fru,2.5,3.5,4.0
57.55,67.72,Ses02F_script02_2_M007,neu,2.5,4.0,4.0
70.67,72.09,Ses02F_script02_2_M008,fru,2.5,3.0,3.0
75.04,77.45,Ses02F_script02_2_M009,neu,2.0,3.0,3.0
79.4,81.13,Ses02F_script02_2_M010,neu,2.5,3.5,3.5
99.67,101.5,Ses02F_script02_2_M011,fru,2.5,2.5,2.5
103.58,105.17,Ses02F_script02_2_M012,fru,1.5,3.0,4.0
111.46,114.75,Ses02F_script02_2_M013,neu,2.5,3.0,3.5
115.92,124.08,Ses02F_script02_2_M014,fru,2.0,4.0,3.5
124.1,134.09,Ses02F_script02_2_M015,xxx,2.5,4.0,4.0
134.1,138.81,Ses02F_script02_2_M016,neu,3.0,4.0,4.0
138.86,144.92,Ses02F_script02_2_M017,neu,3.0,4.0,3.5
177.56,179.38,Ses02F_script02_2_M018,neu,4.0,3.5,3.5
183.18,192.22,Ses02F_script02_2_M019,neu,3.0,4.0,4.0
192.25,197.07,Ses02F_script02_2_M020,neu,3.0,4.0,4.0
201.32,206.74,Ses02F_script02_2_M021,neu,3.0,3.5,3.5
207.51,209.49,Ses02F_script02_2_M022,neu,3.0,3.5,3.0
209.57,211.32,Ses02F_script02_2_M023,neu,3.0,3.5,2.5
211.39,213.94,Ses02F_script02_2_M024,fru,2.0,3.5,2.5
213.99,215.86,Ses02F_script02_2_M025,fru,3.0,3.5,2.5
215.9,218.36,Ses02F_script02_2_M026,fru,2.0,3.5,3.0
218.41,219.74,Ses02F_script02_2_M027,fru,2.0,3.5,3.5
219.75,226.54,Ses02F_script02_2_M028,fru,2.0,4.0,4.0
228.2,238.96,Ses02F_script02_2_M029,ang,2.0,4.5,4.5
239.31,250.86,Ses02F_script02_2_M030,xxx,2.0,4.0,4.0
250.89,266.43,Ses02F_script02_2_M031,sad,2.5,3.0,4.0
266.44,269.39,Ses02F_script02_2_M032,fru,2.0,3.5,4.0
273.82,275.08,Ses02F_script02_2_M033,neu,3.0,2.5,3.0
280.13,281.22,Ses02F_script02_2_M034,neu,2.5,2.5,4.0
286.33,288.29,Ses02F_script02_2_M035,sad,2.5,3.0,3.0
302.93,305.06,Ses02F_script02_2_M036,sad,2.0,2.5,3.5
325.06,327.93,Ses02F_script02_2_M037,sad,2.0,2.5,3.5
328.38,333.71,Ses02F_script02_2_M038,sad,2.0,3.0,3.0
337.84,339.03,Ses02F_script02_2_M039,sur,3.0,2.5,3.0
350.5661,355.24,Ses02F_script02_2_M040,xxx,3.0,2.5,3.0
364.81,370.56,Ses02F_script02_2_M041,hap,4.0,3.0,3.0
378.28,380.21,Ses02F_script02_2_M042,hap,4.0,3.5,3.5
382.43,384.08,Ses02F_script02_2_M043,hap,4.0,3.0,3.0
388.88,392.08,Ses02F_script02_2_M044,xxx,3.0,2.5,2.5
407.08,411.69,Ses02F_script02_2_M045,hap,3.5,2.5,3.5
414.05,415.64,Ses02F_script02_2_M046,hap,4.0,3.0,2.5
6.38,7.63,Ses02F_script03_1_F000,fea,3.0,3.3333,2.3333
8.75,12.49,Ses02F_script03_1_F001,fea,3.0,3.0,2.6667
13.77,16.24,Ses02F_script03_1_F002,fea,3.0,3.0,2.0
19.25,21.42,Ses02F_script03_1_F003,xxx,4.0,3.0,2.6667
21.97,24.23,Ses02F_script03_1_F004,xxx,4.0,2.6667,2.3333
28.4,32.45,Ses02F_script03_1_F005,exc,3.6667,4.0,2.3333
34.49,36.76,Ses02F_script03_1_F006,hap,4.0,3.3333,1.6667
37.7,41.55,Ses02F_script03_1_F007,hap,4.0,3.3333,2.3333
45.23,48.88,Ses02F_script03_1_F008,hap,2.6667,2.3333,2.0
49.65,53.32,Ses02F_script03_1_F009,hap,2.6667,2.6667,2.6667
56.38,58.73,Ses02F_script03_1_F010,hap,3.3333,2.0,3.0
65.84,68.4,Ses02F_script03_1_F011,xxx,4.0,2.6667,2.6667
70.51,71.76,Ses02F_script03_1_F012,neu,3.6667,2.3333,2.6667
81.78,84.79,Ses02F_script03_1_F013,neu,3.6667,2.6667,2.3333
86.93,92.26,Ses02F_script03_1_F014,neu,4.0,2.6667,2.0
93.31,96.54,Ses02F_script03_1_F015,neu,3.6667,2.3333,2.3333
99.04,101.35,Ses02F_script03_1_F016,neu,3.3333,2.6667,2.0
103.02,109.24,Ses02F_script03_1_F017,neu,2.6667,3.0,2.3333
111.37,113.43,Ses02F_script03_1_F018,xxx,2.6667,2.3333,1.6667
117.52,119.97,Ses02F_script03_1_F019,hap,4.0,3.3333,2.6667
140.2,142.43,Ses02F_script03_1_F020,hap,3.3333,2.6667,3.0
152.95,160.57,Ses02F_script03_1_F021,hap,4.0,2.6667,3.6667
162.7044,164.74,Ses02F_script03_1_F022,hap,4.0,2.3333,2.0
168.43,173.2,Ses02F_script03_1_F023,hap,4.3333,3.3333,2.3333
174.19,179.85,Ses02F_script03_1_F024,hap,4.0,2.6667,3.0
181.02,183.93,Ses02F_script03_1_F025,hap,4.0,3.0,3.3333
187.4,191.65,Ses02F_script03_1_F026,hap,4.3333,4.0,3.0
192.59,195.55,Ses02F_script03_1_F027,neu,3.3333,3.0,3.3333
197.09,204.39,Ses02F_script03_1_F028,hap,4.6667,4.0,3.0
204.84,208.53,Ses02F_script03_1_F029,exc,4.0,2.6667,2.6667
210.11,212.78,Ses02F_script03_1_F030,xxx,4.0,2.3333,2.3333
5.44,6.53,Ses02F_script03_1_M000,xxx,3.0,3.3333,3.0
7.71,8.8,Ses02F_script03_1_M001,neu,3.0,2.0,2.6667
12.22,14.06,Ses02F_script03_1_M002,xxx,2.6667,3.0,3.0
16.9,19.59,Ses02F_script03_1_M003,xxx,3.3333,3.0,3.6667
20.65,22.18,Ses02F_script03_1_M004,neu,3.6667,2.3333,4.0
23.91,28.8,Ses02F_script03_1_M005,neu,3.3333,4.0,2.6667
32.0,34.73,Ses02F_script03_1_M006,xxx,3.0,2.6667,2.6667
36.53,38.4,Ses02F_script03_1_M007,neu,3.6667,2.6667,3.0
41.2,45.89,Ses02F_script03_1_M008,neu,3.6667,2.6667,3.0
48.15,50.17,Ses02F_script03_1_M009,neu,3.0,2.0,3.6667
53.18,56.93,Ses02F_script03_1_M010,neu,3.6667,3.0,2.6667
58.26,67.1,Ses02F_script03_1_M011,xxx,3.3333,4.0,3.3333
68.0,70.94,Ses02F_script03_1_M012,neu,3.6667,3.3333,3.6667
71.42,78.64,Ses02F_script03_1_M013,neu,3.3333,3.6667,3.6667
78.65,82.14,Ses02F_script03_1_M014,neu,3.6667,3.6667,3.6667
84.5,87.28,Ses02F_script03_1_M015,neu,3.6667,2.6667,3.3333
92.01,93.37,Ses02F_script03_1_M016,neu,3.3333,2.0,2.6667
96.23,99.74,Ses02F_script03_1_M017,neu,3.0,2.3333,2.6667
101.1,103.33,Ses02F_script03_1_M018,neu,3.3333,2.3333,3.0
108.68,111.96,Ses02F_script03_1_M019,exc,3.6667,3.0,4.0
112.79,118.28,Ses02F_script03_1_M020,exc,3.6667,3.3333,3.3333
119.48,122.22,Ses02F_script03_1_M021,neu,3.0,2.6667,3.0
122.26,136.21,Ses02F_script03_1_M022,exc,4.0,3.0,4.3333
136.2304,140.63,Ses02F_script03_1_M023,exc,4.0,3.0,4.6667
142.82,153.49,Ses02F_script03_1_M024,neu,4.0,2.6667,3.3333
160.01,162.6809,Ses02F_script03_1_M025,neu,3.0,2.6667,2.6667
164.31,169.16,Ses02F_script03_1_M026,neu,3.3333,3.0,2.3333
172.55,175.06,Ses02F_script03_1_M027,xxx,2.3333,3.0,2.6667
179.56,181.65,Ses02F_script03_1_M028,neu,3.0,2.6667,2.6667
183.49,189.02,Ses02F_script03_1_M029,neu,3.6667,3.0,3.3333
190.93,192.84,Ses02F_script03_1_M030,xxx,4.0,2.6667,3.0
195.45,197.67,Ses02F_script03_1_M031,neu,4.0,2.6667,3.0
202.74,205.36,Ses02F_script03_1_M032,exc,4.0,3.3333,3.0
208.21,210.45,Ses02F_script03_1_M033,neu,3.6667,2.3333,3.0
212.42,217.2,Ses02F_script03_1_M034,neu,3.0,2.0,3.3333
7.59,10.03,Ses02F_script03_2_F000,xxx,3.5,3.5,3.0
12.24,15.09,Ses02F_script03_2_F001,xxx,2.5,3.5,3.0
19.07,23.35,Ses02F_script03_2_F002,xxx,3.0,3.0,3.0
25.15,29.63,Ses02F_script03_2_F003,xxx,3.0,2.5,3.0
31.16,34.1,Ses02F_script03_2_F004,xxx,4.0,2.5,2.0
35.47,36.91,Ses02F_script03_2_F005,xxx,2.5,3.0,2.5
37.44,42.11,Ses02F_script03_2_F006,xxx,4.0,2.5,2.5
43.83,48.33,Ses02F_script03_2_F007,neu,2.5,3.0,2.5
50.8,53.06,Ses02F_script03_2_F008,xxx,2.5,2.5,3.5
56.56,58.12,Ses02F_script03_2_F009,xxx,2.5,2.5,2.5
59.41,63.13,Ses02F_script03_2_F010,xxx,2.5,2.5,3.0
66.65,70.77,Ses02F_script03_2_F011,neu,2.5,3.0,3.0
75.54,78.33,Ses02F_script03_2_F012,neu,2.5,3.0,2.5
81.28,83.36,Ses02F_script03_2_F013,ang,2.0,3.5,3.0
83.41,84.55,Ses02F_script03_2_F014,ang,2.0,4.0,3.0
90.68,94.52,Ses02F_script03_2_F015,xxx,2.5,2.0,3.0
96.56,101.82,Ses02F_script03_2_F016,exc,2.5,2.5,3.0
103.83,105.57,Ses02F_script03_2_F017,fru,2.5,3.0,3.0
105.61,107.71,Ses02F_script03_2_F018,ang,2.5,3.5,3.5
110.5,113.55,Ses02F_script03_2_F019,fru,2.5,2.0,3.0
115.52,117.56,Ses02F_script03_2_F020,ang,2.5,3.0,3.5
120.5,121.68,Ses02F_script03_2_F021,xxx,2.5,2.0,3.0
122.03,127.89,Ses02F_script03_2_F022,fru,2.0,3.5,3.5
132.36,134.56,Ses02F_script03_2_F023,xxx,2.5,2.0,2.5
137.74,139.51,Ses02F_script03_2_F024,fru,2.5,2.0,3.0
145.08,146.94,Ses02F_script03_2_F025,ang,2.5,2.5,3.0
146.96,148.6,Ses02F_script03_2_F026,fru,2.5,2.5,3.5
149.7,152.06,Ses02F_script03_2_F027,xxx,2.5,2.5,3.0
158.78,163.6,Ses02F_script03_2_F028,fru,2.5,3.5,3.5
167.45,169.29,Ses02F_script03_2_F029,ang,2.0,4.0,3.5
171.85,175.63,Ses02F_script03_2_F030,fru,2.5,2.0,3.0
181.62,183.11,Ses02F_script03_2_F031,ang,2.5,2.0,3.0
185.69,189.73,Ses02F_script03_2_F032,fru,2.5,3.0,3.5
191.03,192.97,Ses02F_script03_2_F033,xxx,2.5,2.5,3.0
195.94,198.21,Ses02F_script03_2_F034,ang,2.0,3.0,3.0
199.58,204.21,Ses02F_script03_2_F035,ang,2.0,3.0,3.0
205.69,209.75,Ses02F_script03_2_F036,ang,2.0,3.5,3.5
209.89,212.3,Ses02F_script03_2_F037,ang,1.5,4.5,3.5
212.34,217.87,Ses02F_script03_2_F038,ang,1.5,4.0,3.5
218.49,224.82,Ses02F_script03_2_F039,ang,1.5,4.5,3.5
230.08,234.22,Ses02F_script03_2_F040,ang,1.5,4.5,4.0
234.48,236.44,Ses02F_script03_2_F041,ang,1.5,4.0,4.0
236.48,241.06,Ses02F_script03_2_F042,ang,1.5,4.5,4.0
241.08,251.95,Ses02F_script03_2_F043,ang,1.5,5.0,4.0
4.62,8.28,Ses02F_script03_2_M000,neu,3.0,2.5,2.5
9.58,12.62,Ses02F_script03_2_M001,neu,2.5,3.5,2.5
14.41,20.17,Ses02F_script03_2_M002,xxx,2.5,2.5,2.5
23.03,26.3,Ses02F_script03_2_M003,xxx,2.5,3.0,2.5
28.97,31.71,Ses02F_script03_2_M004,xxx,2.5,3.5,2.5
33.75,35.79,Ses02F_script03_2_M005,xxx,2.5,3.0,2.0
36.66,37.83,Ses02F_script03_2_M006,ang,2.0,4.5,3.0
41.85,43.94,Ses02F_script03_2_M007,ang,2.0,4.0,2.0
48.03,50.82,Ses02F_script03_2_M008,xxx,2.5,2.0,2.5
52.75,56.9,Ses02F_script03_2_M009,neu,3.0,2.5,3.0
57.65,59.63,Ses02F_script03_2_M010,xxx,3.5,2.5,2.0
63.2,66.64,Ses02F_script03_2_M011,neu,3.0,2.5,2.5
70.5,76.54,Ses02F_script03_2_M012,fru,2.5,2.5,3.5
77.56,82.4,Ses02F_script03_2_M013,ang,2.5,3.5,3.5
82.64,84.23,Ses02F_script03_2_M014,xxx,2.5,2.5,3.0
84.36,85.32,Ses02F_script03_2_M015,fru,2.5,1.5,2.5
88.12,90.68,Ses02F_script03_2_M016,xxx,2.5,3.0,2.5
94.37,96.83,Ses02F_script03_2_M017,xxx,2.5,2.0,3.0
101.67,104.23,Ses02F_script03_2_M018,xxx,2.5,2.5,3.0
104.87,106.25,Ses02F_script03_2_M019,fru,2.5,2.5,3.0
107.2,111.56,Ses02F_script03_2_M020,xxx,2.5,3.5,3.5
113.07,115.8,Ses02F_script03_2_M021,fru,2.0,3.5,3.0
117.17,121.19,Ses02F_script03_2_M022,fru,2.5,3.5,3.5
121.21,122.69,Ses02F_script03_2_M023,fru,2.5,4.0,3.0
128.85,132.63,Ses02F_script03_2_M024,xxx,2.0,2.0,2.0
134.36,137.97,Ses02F_script03_2_M025,xxx,2.0,2.0,3.0
139.06,145.58,Ses02F_script03_2_M026,xxx,2.5,3.0,3.5
148.25,150.56,Ses02F_script03_2_M027,ang,2.5,3.5,3.0
151.66,159.67,Ses02F_script03_2_M028,fru,2.5,3.5,3.5
163.27,168.58,Ses02F_script03_2_M029,fru,2.5,3.0,3.0
168.63,172.85,Ses02F_script03_2_M030,ang,2.5,3.5,3.0
175.26,177.54,Ses02F_script03_2_M031,xxx,2.5,2.5,3.0
180.05,181.92,Ses02F_script03_2_M032,xxx,2.5,2.0,3.0
183.1,186.5,Ses02F_script03_2_M033,fru,2.0,2.5,3.0
189.34,191.98,Ses02F_script03_2_M034,fru,2.5,3.0,3.0
193.35,196.01,Ses02F_script03_2_M035,fru,2.5,3.5,3.0
197.87,199.98,Ses02F_script03_2_M036,ang,2.5,3.5,3.0
203.77,206.48,Ses02F_script03_2_M037,ang,1.5,2.5,3.5
208.96,210.21,Ses02F_script03_2_M038,ang,1.5,3.0,4.0
211.36,213.55,Ses02F_script03_2_M039,ang,2.0,2.5,3.0
217.19,219.32,Ses02F_script03_2_M040,fru,2.0,2.5,3.0
224.2,231.03,Ses02F_script03_2_M041,ang,1.5,4.5,4.0
233.63,235.62,Ses02F_script03_2_M042,ang,2.0,3.5,3.5
235.87,237.36,Ses02F_script03_2_M043,ang,2.0,3.5,4.0
239.22,241.15,Ses02F_script03_2_M044,ang,1.5,4.5,4.0
241.79,243.58,Ses02F_script03_2_M045,ang,2.0,4.0,3.5
243.59,246.44,Ses02F_script03_2_M046,ang,2.0,4.0,3.5
246.47,250.62,Ses02F_script03_2_M047,ang,1.5,4.0,4.0
5.32,7.358,Ses02M_impro01_F000,neu,4.0,3.0,3.0
10.371,11.6114,Ses02M_impro01_F001,neu,3.5,2.5,2.5
11.6114,14.6855,Ses02M_impro01_F002,neu,3.0,3.0,3.0
17.819,24.7376,Ses02M_impro01_F003,neu,3.0,3.0,3.0
27.98,29.622,Ses02M_impro01_F004,neu,3.0,3.0,3.0
30.0939,36.9427,Ses02M_impro01_F005,neu,3.0,3.5,3.0
38.8667,44.0823,Ses02M_impro01_F006,neu,2.5,3.0,2.5
53.11,54.93,Ses02M_impro01_F007,fru,2.5,2.5,3.0
54.94,58.31,Ses02M_impro01_F008,fru,2.5,3.0,3.0
60.0864,61.5056,Ses02M_impro01_F009,fru,3.0,2.5,3.0
63.2229,68.4976,Ses02M_impro01_F010,fru,2.5,2.5,3.5
71.2864,74.6495,Ses02M_impro01_F011,fru,2.5,3.0,2.5
76.0075,82.1167,Ses02M_impro01_F012,fru,3.0,3.0,3.0
87.4655,91.658,Ses02M_impro01_F013,fru,2.5,3.0,3.0
93.4266,97.4221,Ses02M_impro01_F014,fru,2.5,3.0,3.0
98.7147,100.1295,Ses02M_impro01_F015,neu,2.5,2.5,3.0
104.7414,106.0901,Ses02M_impro01_F016,neu,2.5,2.0,2.5
111.7499,115.959,Ses02M_impro01_F017,fru,2.5,2.5,3.0
118.3825,120.5877,Ses02M_impro01_F018,fru,2.5,3.0,2.5
122.8148,125.806,Ses02M_impro01_F019,fru,2.5,3.0,4.0
126.2997,130.8496,Ses02M_impro01_F020,fru,3.0,3.0,3.5
137.2469,138.7534,Ses02M_impro01_F021,fru,3.0,2.5,2.5
141.3516,146.0022,Ses02M_impro01_F022,fru,3.0,3.0,3.5
148.0459,153.3206,Ses02M_impro01_F023,fru,2.0,3.0,3.5
154.5392,157.0808,Ses02M_impro01_F024,fru,2.5,2.5,3.0
3.5,6.441,Ses02M_impro01_M000,fru,4.0,2.5,2.5
7.34,10.0,Ses02M_impro01_M001,neu,3.5,3.0,2.5
10.01,12.2924,Ses02M_impro01_M002,neu,3.0,3.5,2.5
14.3252,17.6205,Ses02M_impro01_M003,neu,3.5,3.0,2.5
24.5138,28.15,Ses02M_impro01_M004,neu,3.0,3.5,3.0
28.23,31.2973,Ses02M_impro01_M005,neu,2.5,3.5,2.5
36.8679,39.1999,Ses02M_impro01_M006,fru,3.0,3.5,3.0
44.2341,52.43,Ses02M_impro01_M007,ang,1.5,4.0,4.0
52.44,54.53,Ses02M_impro01_M008,ang,2.0,3.5,3.5
57.3791,64.1421,Ses02M_impro01_M009,ang,1.5,4.5,4.0
66.9831,73.6261,Ses02M_impro01_M010,ang,2.0,4.0,3.5
74.2423,76.2871,Ses02M_impro01_M011,ang,2.5,4.0,3.5
81.5927,88.776,Ses02M_impro01_M012,fru,2.5,4.0,3.0
91.1995,93.9287,Ses02M_impro01_M013,fru,1.5,4.0,4.0
97.1601,99.54,Ses02M_impro01_M014,fru,1.5,4.5,4.0
99.989,104.6996,Ses02M_impro01_M015,fru,2.5,4.0,4.0
105.4351,112.2472,Ses02M_impro01_M016,xxx,2.5,4.0,3.5
115.435,118.71,Ses02M_impro01_M017,fru,2.5,4.0,3.0
119.1904,126.0898,Ses02M_impro01_M018,ang,2.0,4.5,4.0
129.4304,137.7264,Ses02M_impro01_M019,ang,2.5,4.5,4.0
138.3822,141.7665,Ses02M_impro01_M020,fru,2.5,4.0,4.0
149.4956,151.5261,Ses02M_impro01_M021,fru,2.0,4.5,3.5
153.3165,155.0414,Ses02M_impro01_M022,fru,2.0,3.5,3.5
3.9987,6.0541,Ses02M_impro02_F000,sad,2.5,2.5,3.5
15.5524,23.3599,Ses02M_impro02_F001,sad,1.5,2.5,4.5
23.579,26.4151,Ses02M_impro02_F002,sad,1.5,2.5,4.0
31.3058,32.6401,Ses02M_impro02_F003,sad,2.0,2.5,3.0
33.4566,37.3201,Ses02M_impro02_F004,sad,2.0,3.0,4.0
54.02,55.5818,Ses02M_impro02_F005,sad,4.0,2.5,3.5
56.6174,58.0712,Ses02M_impro02_F006,sad,2.5,2.0,3.0
59.0868,61.0584,Ses02M_impro02_F007,sad,2.5,2.5,3.0
64.7625,67.7895,Ses02M_impro02_F008,sad,4.0,3.0,3.0
84.1439,88.959,Ses02M_impro02_F009,sad,2.0,3.0,4.0
89.8468,96.5662,Ses02M_impro02_F010,sad,3.0,3.0,4.0
108.5118,112.6479,Ses02M_impro02_F011,fru,2.0,2.5,4.0
137.8409,142.0114,Ses02M_impro02_F012,sad,4.0,2.5,3.0
155.7643,160.4854,Ses02M_impro02_F013,sad,1.5,3.0,4.0
178.7739,181.4226,Ses02M_impro02_F014,sad,3.0,2.0,3.0
7.0366,15.1,Ses02M_impro02_M000,sad,2.0,3.0,4.0
26.7598,31.4253,Ses02M_impro02_M001,sad,3.5,3.0,3.5
32.68,33.6558,Ses02M_impro02_M002,sad,4.0,2.5,2.5
37.5389,44.4296,Ses02M_impro02_M003,fru,2.5,3.0,4.0
44.4743,54.8649,Ses02M_impro02_M004,xxx,3.5,4.0,4.0
55.4225,56.8962,Ses02M_impro02_M005,xxx,3.5,2.5,3.0
58.1707,59.5249,Ses02M_impro02_M006,xxx,3.0,2.5,2.5
61.7187,63.7973,Ses02M_impro02_M007,sad,3.0,2.5,3.5
67.8916,74.1377,Ses02M_impro02_M008,sad,2.5,2.5,3.5
75.0359,84.1992,Ses02M_impro02_M009,sad,3.0,2.5,4.0
96.5942,99.7326,Ses02M_impro02_M010,xxx,2.5,2.5,3.0
101.0854,108.0313,Ses02M_impro02_M011,xxx,2.5,2.5,3.0
113.8282,119.834,Ses02M_impro02_M012,xxx,2.5,2.5,3.5
120.2518,128.8678,Ses02M_impro02_M013,sad,2.0,2.5,3.0
129.5686,137.7099,Ses02M_impro02_M014,neu,2.5,2.5,3.5
141.7127,148.2248,Ses02M_impro02_M015,xxx,4.0,2.5,3.0
148.5469,155.0556,Ses02M_impro02_M016,xxx,3.5,3.0,3.5
159.4932,164.3,Ses02M_impro02_M017,sad,3.0,2.5,3.5
165.83,178.4193,Ses02M_impro02_M018,sad,4.0,3.0,4.0
5.2402,9.0515,Ses02M_impro03_F000,exc,4.5,3.5,3.5
12.123,14.0146,Ses02M_impro03_F001,exc,4.0,3.5,3.5
17.3302,21.296,Ses02M_impro03_F002,xxx,5.0,4.5,4.0
23.2289,25.5477,Ses02M_impro03_F003,exc,4.5,4.0,4.0
26.9512,28.2937,Ses02M_impro03_F004,exc,4.0,3.5,3.5
31.1617,32.911,Ses02M_impro03_F005,exc,4.5,4.0,4.0
36.4389,40.3353,Ses02M_impro03_F006,xxx,4.0,3.0,3.5
40.5591,44.4238,Ses02M_impro03_F007,exc,4.0,3.5,3.5
48.8635,53.0889,Ses02M_impro03_F008,exc,5.0,4.5,4.0
57.86,58.81,Ses02M_impro03_F009,xxx,4.0,3.0,2.5
63.3405,65.1508,Ses02M_impro03_F010,xxx,4.0,3.0,3.0
74.955,77.0704,Ses02M_impro03_F011,exc,5.0,4.5,4.0
77.0907,80.57,Ses02M_impro03_F012,exc,4.5,4.5,3.5
85.3339,94.6853,Ses02M_impro03_F013,exc,5.0,4.0,4.5
95.4379,96.8617,Ses02M_impro03_F014,exc,4.0,3.0,3.0
99.6891,103.4785,Ses02M_impro03_F015,exc,4.5,4.0,4.0
104.4488,106.5845,Ses02M_impro03_F016,exc,3.5,3.5,3.5
107.2558,109.6966,Ses02M_impro03_F017,exc,4.5,3.0,4.0
113.3783,115.3716,Ses02M_impro03_F018,exc,4.0,3.0,3.0
119.1334,121.56,Ses02M_impro03_F019,xxx,3.5,3.5,3.0
135.37,137.95,Ses02M_impro03_F020,exc,4.0,3.5,3.5
139.3125,143.645,Ses02M_impro03_F021,xxx,3.5,3.0,3.0
149.58,150.66,Ses02M_impro03_F022,xxx,4.0,2.5,3.0
152.6886,157.9201,Ses02M_impro03_F023,exc,4.0,3.0,4.0
158.8655,164.7588,Ses02M_impro03_F024,exc,4.5,4.5,4.5
171.654,174.8068,Ses02M_impro03_F025,xxx,3.5,2.5,3.0
176.1086,178.9562,Ses02M_impro03_F026,xxx,4.0,3.5,3.5
183.57,185.33,Ses02M_impro03_F027,xxx,4.0,2.5,3.0
186.1365,191.4453,Ses02M_impro03_F028,exc,4.5,3.5,3.5
3.1431,5.553,Ses02M_impro03_M000,exc,4.0,4.0,3.5
9.1156,12.3065,Ses02M_impro03_M001,exc,4.5,4.0,4.0
14.1737,17.6149,Ses02M_impro03_M002,xxx,5.0,3.5,3.5
21.2152,23.3916,Ses02M_impro03_M003,xxx,4.5,4.0,3.5
24.8,27.6835,Ses02M_impro03_M004,xxx,4.0,4.5,4.0
28.2293,31.5075,Ses02M_impro03_M005,exc,4.5,4.5,4.0
32.6098,36.6537,Ses02M_impro03_M006,xxx,4.5,4.0,4.5
43.75,49.86,Ses02M_impro03_M007,xxx,4.0,3.0,4.0
53.04,58.33,Ses02M_impro03_M008,exc,4.0,4.0,3.5
58.3367,64.1134,Ses02M_impro03_M009,exc,4.0,4.0,4.0
65.1724,72.73,Ses02M_impro03_M010,hap,4.0,3.5,3.5
72.74,76.14,Ses02M_impro03_M011,hap,4.0,3.5,4.0
76.8059,77.7009,Ses02M_impro03_M012,hap,4.5,2.5,3.0
79.2909,85.532,Ses02M_impro03_M013,xxx,4.0,3.5,3.5
86.83,88.3,Ses02M_impro03_M014,hap,4.0,2.5,2.5
88.46,90.1494,Ses02M_impro03_M015,hap,4.0,3.5,3.5
94.4412,95.804,Ses02M_impro03_M016,exc,4.0,3.5,3.5
96.6583,100.279,Ses02M_impro03_M017,hap,4.0,3.0,3.5
103.33,104.9776,Ses02M_impro03_M018,exc,4.5,3.0,3.5
105.9947,107.4795,Ses02M_impro03_M019,exc,5.0,3.5,3.5
109.5372,114.5874,Ses02M_impro03_M020,exc,4.0,4.5,4.0
115.1625,119.6025,Ses02M_impro03_M021,hap,4.0,4.0,4.0
121.6073,129.4938,Ses02M_impro03_M022,xxx,4.0,3.5,4.0
129.9508,139.699,Ses02M_impro03_M023,xxx,3.5,4.0,4.0
143.6282,150.2993,Ses02M_impro03_M024,exc,3.5,3.5,4.0
150.3093,156.8328,Ses02M_impro03_M025,xxx,4.0,4.0,4.0
157.619,158.9208,Ses02M_impro03_M026,exc,4.5,3.5,4.0
164.7903,172.9558,Ses02M_impro03_M027,hap,4.0,3.5,4.0
174.7051,176.434,Ses02M_impro03_M028,hap,3.5,3.0,3.5
178.5291,183.85,Ses02M_impro03_M029,xxx,4.0,3.5,4.0
185.2618,189.2079,Ses02M_impro03_M030,exc,4.0,3.0,3.5
190.9368,191.8928,Ses02M_impro03_M031,hap,4.0,3.0,3.0
5.1157,6.9185,Ses02M_impro04_F000,neu,3.3333,2.6667,2.3333
13.1185,16.2387,Ses02M_impro04_F001,neu,3.0,2.3333,2.3333
24.9578,28.19,Ses02M_impro04_F002,neu,3.3333,2.0,2.6667
28.2,31.74,Ses02M_impro04_F003,neu,3.3333,2.3333,3.0
37.9351,40.8943,Ses02M_impro04_F004,neu,2.6667,3.0,2.3333
54.751,61.4736,Ses02M_impro04_F005,neu,3.3333,2.3333,2.6667
73.8543,79.1665,Ses02M_impro04_F006,neu,3.3333,2.3333,2.3333
85.5106,89.9409,Ses02M_impro04_F007,neu,3.6667,2.3333,3.0
96.7713,103.3594,Ses02M_impro04_F008,neu,3.3333,2.3333,3.0
117.76,119.58,Ses02M_impro04_F009,sad,2.0,1.3333,2.0
139.5605,145.0028,Ses02M_impro04_F010,neu,3.0,2.0,3.0
145.0661,155.5569,Ses02M_impro04_F011,neu,3.0,2.0,3.3333
155.645,159.2365,Ses02M_impro04_F012,neu,3.0,1.6667,3.6667
167.7833,174.1,Ses02M_impro04_F013,xxx,3.6667,3.3333,3.3333
174.11,180.8,Ses02M_impro04_F014,neu,3.3333,2.3333,3.3333
180.81,188.2546,Ses02M_impro04_F015,neu,3.0,2.3333,3.3333
196.1824,201.1541,Ses02M_impro04_F016,neu,3.0,2.6667,3.0
203.29,215.0474,Ses02M_impro04_F017,xxx,3.3333,2.3333,3.0
3.6516,6.473,Ses02M_impro04_M000,fru,1.6667,3.0,2.6667
6.473,9.4965,Ses02M_impro04_M001,fru,2.0,3.0,2.0
10.8729,13.3083,Ses02M_impro04_M002,fru,2.3333,3.6667,3.0
16.0012,20.93,Ses02M_impro04_M003,fru,3.0,3.0,2.6667
20.99,26.259,Ses02M_impro04_M004,fru,2.3333,3.3333,2.6667
31.6,37.9371,Ses02M_impro04_M005,fru,2.0,4.0,2.3333
37.9705,41.5407,Ses02M_impro04_M006,fru,2.0,3.0,2.6667
41.6743,54.6257,Ses02M_impro04_M007,fru,2.0,3.6667,3.0
60.9668,66.365,Ses02M_impro04_M008,xxx,2.3333,2.3333,2.6667
66.4532,73.5619,Ses02M_impro04_M009,fru,2.3333,3.6667,2.6667
78.9722,85.4061,Ses02M_impro04_M010,fru,2.3333,3.3333,3.3333
88.3105,99.2349,Ses02M_impro04_M011,fru,2.0,3.0,3.3333
103.4023,110.5203,Ses02M_impro04_M012,fru,3.0,3.0,2.0
110.724,117.3947,Ses02M_impro04_M013,fru,2.3333,3.0,2.6667
117.9015,123.4099,Ses02M_impro04_M014,sad,2.3333,2.3333,2.3333
123.571,128.16,Ses02M_impro04_M015,fru,3.0,2.6667,2.0
128.17,133.7877,Ses02M_impro04_M016,fru,3.3333,3.6667,2.3333
133.8097,141.1249,Ses02M_impro04_M017,fru,2.6667,3.6667,3.0
157.4958,167.7,Ses02M_impro04_M018,fru,2.3333,3.3333,2.6667
167.71,170.99,Ses02M_impro04_M019,ang,2.0,3.3333,3.0
188.6831,195.9884,Ses02M_impro04_M020,fru,2.0,2.3333,2.6667
201.2104,203.4798,Ses02M_impro04_M021,xxx,2.0,2.0,2.0
214.4085,217.5372,Ses02M_impro04_M022,sad,2.6667,1.6667,1.6667
3.6155,4.8484,Ses02M_impro05_F000,neu,3.5,3.0,2.5
9.295,13.2588,Ses02M_impro05_F001,neu,3.5,3.0,3.0
14.74,16.49,Ses02M_impro05_F002,neu,3.0,2.5,2.5
16.49,27.9028,Ses02M_impro05_F003,neu,3.0,3.0,3.0
30.47,36.5507,Ses02M_impro05_F004,neu,3.0,3.0,3.0
38.1619,46.2674,Ses02M_impro05_F005,neu,2.5,3.0,3.0
46.2872,53.6683,Ses02M_impro05_F006,neu,2.5,3.0,3.5
56.6475,69.87,Ses02M_impro05_F007,neu,2.5,3.0,3.5
69.88,72.1149,Ses02M_impro05_F008,neu,3.0,2.5,2.5
74.3085,75.0407,Ses02M_impro05_F009,neu,3.0,2.5,2.5
81.36,82.59,Ses02M_impro05_F010,neu,3.0,2.5,2.5
83.1331,94.2758,Ses02M_impro05_F011,neu,2.0,3.0,3.5
100.2715,104.9224,Ses02M_impro05_F012,neu,2.5,3.0,3.0
105.3994,111.5716,Ses02M_impro05_F013,neu,2.5,3.0,3.0
111.7101,113.5505,Ses02M_impro05_F014,neu,2.5,2.5,2.5
119.3685,125.56,Ses02M_impro05_F015,neu,3.0,3.0,3.5
125.59,127.15,Ses02M_impro05_F016,neu,3.0,2.5,2.5
133.4189,141.79,Ses02M_impro05_F017,neu,2.5,3.0,2.5
141.8,145.15,Ses02M_impro05_F018,neu,2.0,2.5,3.0
152.8519,154.4152,Ses02M_impro05_F019,neu,3.0,2.5,3.0
159.91,162.69,Ses02M_impro05_F020,neu,3.0,3.5,3.5
162.7,165.64,Ses02M_impro05_F021,neu,3.0,3.5,3.0
167.5717,176.8958,Ses02M_impro05_F022,fru,2.5,3.5,3.0
180.8041,187.9777,Ses02M_impro05_F023,neu,2.5,3.5,3.0
203.06,209.3303,Ses02M_impro05_F024,neu,2.5,3.0,3.0
211.7643,217.8594,Ses02M_impro05_F025,neu,2.5,3.0,3.5
217.8694,226.37,Ses02M_impro05_F026,neu,2.5,3.0,3.5
230.9033,232.5628,Ses02M_impro05_F027,xxx,3.0,3.5,2.0
232.62,241.2503,Ses02M_impro05_F028,fru,2.5,3.0,4.0
242.5959,244.2978,Ses02M_impro05_F029,fru,3.0,3.0,3.5
246.19,247.1636,Ses02M_impro05_F030,xxx,3.5,2.5,3.0
2.6966,3.9776,Ses02M_impro05_M000,neu,3.5,3.0,2.5
4.9295,9.479,Ses02M_impro05_M001,neu,3.0,2.5,3.0
11.48,16.5042,Ses02M_impro05_M002,neu,3.0,3.5,3.0
27.2271,31.5242,Ses02M_impro05_M003,neu,3.0,3.5,2.5
35.32,38.1932,Ses02M_impro05_M004,sur,2.5,3.5,3.5
53.6501,56.5535,Ses02M_impro05_M005,xxx,2.5,3.5,3.5
67.2635,69.8172,Ses02M_impro05_M006,fru,2.5,3.5,3.5
71.65,74.44,Ses02M_impro05_M007,xxx,2.5,3.5,3.5
74.45,81.92,Ses02M_impro05_M008,fru,2.5,4.0,3.5
81.93,83.1741,Ses02M_impro05_M009,xxx,2.5,3.5,3.5
94.0921,100.45,Ses02M_impro05_M010,fru,2.5,4.0,4.0
100.45,102.1519,Ses02M_impro05_M011,fru,2.0,4.0,4.0
104.6651,105.4765,Ses02M_impro05_M012,xxx,1.5,3.0,3.0
112.1652,119.18,Ses02M_impro05_M013,ang,2.0,4.5,4.0
119.19,121.87,Ses02M_impro05_M014,fru,2.0,3.5,4.0
123.6628,124.5533,Ses02M_impro05_M015,xxx,2.0,3.5,4.0
126.7989,133.6168,Ses02M_impro05_M016,ang,2.0,4.0,4.0
144.87,148.03,Ses02M_impro05_M017,fru,1.5,3.0,3.5
148.04,153.3268,Ses02M_impro05_M018,ang,2.0,4.0,4.0
153.3268,157.4725,Ses02M_impro05_M019,fru,2.5,4.0,4.0
157.5352,161.3054,Ses02M_impro05_M020,fru,2.0,4.0,4.0
165.1608,167.6344,Ses02M_impro05_M021,fru,3.0,4.0,4.0
176.6979,180.9525,Ses02M_impro05_M022,xxx,2.5,4.5,4.5
186.8406,196.4079,Ses02M_impro05_M023,fru,2.0,4.0,4.0
196.4177,204.0663,Ses02M_impro05_M024,fru,1.5,4.5,5.0
207.03,211.9163,Ses02M_impro05_M025,ang,1.5,4.0,4.5
225.36,230.89,Ses02M_impro05_M026,ang,2.0,4.0,4.0
230.9,233.31,Ses02M_impro05_M027,fru,2.0,3.5,3.5
241.086,245.8809,Ses02M_impro05_M028,fru,2.0,4.0,4.5
5.115,8.0522,Ses02M_impro06_F000,xxx,2.5,2.0,2.5
13.4307,18.4542,Ses02M_impro06_F001,sur,1.5,2.5,4.0
36.84,40.93,Ses02M_impro06_F002,sad,1.5,1.5,2.5
49.85,53.681,Ses02M_impro06_F003,sad,1.5,2.0,3.5
69.6811,74.42,Ses02M_impro06_F004,sad,2.0,2.5,3.5
98.49,100.03,Ses02M_impro06_F005,sad,2.0,2.0,3.0
107.96,110.15,Ses02M_impro06_F006,sad,2.5,1.5,2.5
117.4822,118.2464,Ses02M_impro06_F007,sad,2.5,1.0,2.0
135.498,140.6869,Ses02M_impro06_F008,sad,2.0,2.5,3.0
145.7747,148.7923,Ses02M_impro06_F009,sad,2.5,2.5,3.0
156.5503,158.1019,Ses02M_impro06_F010,sad,3.5,2.0,3.0
166.6705,168.5463,Ses02M_impro06_F011,sad,2.5,1.5,2.5
173.6388,178.3072,Ses02M_impro06_F012,sad,3.0,2.0,3.5
186.3551,188.9257,Ses02M_impro06_F013,sad,2.5,2.0,3.0
220.421,223.2463,Ses02M_impro06_F014,sad,2.0,1.5,2.5
233.1349,235.1265,Ses02M_impro06_F015,sad,2.5,1.5,2.5
236.4697,238.2529,Ses02M_impro06_F016,sad,2.5,1.5,2.5
243.9962,246.0341,Ses02M_impro06_F017,sad,2.5,2.0,2.5
252.1016,254.1164,Ses02M_impro06_F018,sad,2.5,2.0,3.0
11.52,13.4781,Ses02M_impro06_M000,sad,2.0,1.5,2.5
18.65,23.1,Ses02M_impro06_M001,sad,1.5,2.5,2.5
24.08,39.1144,Ses02M_impro06_M002,sad,1.5,2.5,3.5
41.14,49.11,Ses02M_impro06_M003,sad,1.5,2.0,3.5
51.6,68.52,Ses02M_impro06_M004,sad,1.5,1.5,4.0
75.87,85.22,Ses02M_impro06_M005,sad,1.5,2.5,3.5
85.85,98.7934,Ses02M_impro06_M006,sad,1.5,2.0,3.5
99.82,106.3,Ses02M_impro06_M007,sad,2.0,2.0,3.5
110.6,117.5764,Ses02M_impro06_M008,sad,1.5,2.5,3.5
118.1717,135.9394,Ses02M_impro06_M009,sad,2.0,3.0,4.0
141.8896,145.6285,Ses02M_impro06_M010,sad,2.5,2.0,2.5
148.7303,156.14,Ses02M_impro06_M011,sad,2.5,2.0,3.5
156.17,159.05,Ses02M_impro06_M012,sad,3.0,2.0,3.5
159.11,165.054,Ses02M_impro06_M013,sad,2.0,1.5,3.0
168.14,172.8868,Ses02M_impro06_M014,sad,3.0,2.5,3.0
179.1531,186.6204,Ses02M_impro06_M015,sad,2.0,1.5,3.0
187.1193,199.208,Ses02M_impro06_M016,sad,1.0,3.5,4.5
199.2311,214.1921,Ses02M_impro06_M017,sad,1.5,3.0,4.5
215.2678,217.8787,Ses02M_impro06_M018,sad,1.5,2.5,3.5
223.9257,233.6212,Ses02M_impro06_M019,sad,2.0,2.0,4.0
234.8486,236.6781,Ses02M_impro06_M020,sad,2.5,2.5,2.5
238.2546,243.8107,Ses02M_impro06_M021,sad,2.0,2.0,3.0
246.265,248.3433,Ses02M_impro06_M022,sad,2.5,3.0,3.0
249.1373,252.0553,Ses02M_impro06_M023,sad,2.5,2.5,2.5
8.4007,10.503,Ses02M_impro07_F000,exc,3.5,3.5,3.0
13.6194,17.8381,Ses02M_impro07_F001,exc,4.0,3.0,2.5
18.7267,22.6857,Ses02M_impro07_F002,sur,5.0,4.5,4.0
22.7069,25.1307,Ses02M_impro07_F003,exc,4.5,4.0,3.5
31.0413,33.0824,Ses02M_impro07_F004,exc,4.5,4.5,4.0
34.8528,36.7393,Ses02M_impro07_F005,exc,4.5,4.0,3.5
39.6095,41.89,Ses02M_impro07_F006,exc,5.0,4.5,4.0
43.1601,50.6653,Ses02M_impro07_F007,exc,4.0,3.5,4.0
50.6866,52.39,Ses02M_impro07_F008,exc,4.0,3.0,3.0
57.9792,59.3824,Ses02M_impro07_F009,exc,3.0,3.5,3.0
60.2966,64.003,Ses02M_impro07_F010,exc,4.5,4.0,4.0
69.35,70.96,Ses02M_impro07_F011,exc,4.0,3.0,3.0
72.36,73.63,Ses02M_impro07_F012,exc,4.5,3.5,3.0
75.3283,77.74,Ses02M_impro07_F013,exc,4.5,4.5,3.5
77.75,81.2389,Ses02M_impro07_F014,hap,4.0,4.5,3.5
85.2147,86.8093,Ses02M_impro07_F015,hap,3.5,2.5,3.0
87.107,89.15,Ses02M_impro07_F016,hap,3.5,3.0,3.0
89.16,93.4853,Ses02M_impro07_F017,hap,3.5,3.0,3.5
93.4953,101.52,Ses02M_impro07_F018,hap,4.5,4.5,4.0
105.01,107.0074,Ses02M_impro07_F019,hap,3.5,2.5,3.5
114.23,117.6,Ses02M_impro07_F020,hap,4.0,3.0,3.0
132.2869,133.924,Ses02M_impro07_F021,hap,3.5,2.5,3.0
136.79,139.06,Ses02M_impro07_F022,exc,4.5,4.5,3.5
139.28,143.28,Ses02M_impro07_F023,exc,3.5,3.5,3.0
148.79,150.85,Ses02M_impro07_F024,hap,4.0,3.5,3.0
153.3231,159.1397,Ses02M_impro07_F025,exc,4.0,3.5,3.5
160.05,161.54,Ses02M_impro07_F026,exc,4.0,3.0,3.5
164.0912,166.0,Ses02M_impro07_F027,exc,3.5,2.5,3.5
166.01,170.8121,Ses02M_impro07_F028,hap,4.0,3.0,3.5
171.38,175.79,Ses02M_impro07_F029,hap,4.0,3.0,3.0
3.3437,8.7809,Ses02M_impro07_M000,xxx,4.0,4.0,3.5
10.3086,13.9686,Ses02M_impro07_M001,xxx,4.0,3.0,3.5
17.5987,19.0925,Ses02M_impro07_M002,exc,5.0,4.0,4.0
22.4553,24.5566,Ses02M_impro07_M003,xxx,4.5,3.5,3.5
25.2022,29.6828,Ses02M_impro07_M004,xxx,4.0,4.0,4.0
30.1215,38.6833,Ses02M_impro07_M005,xxx,4.0,4.0,4.0
38.7046,41.1736,Ses02M_impro07_M006,exc,4.5,4.5,4.5
41.207,46.0942,Ses02M_impro07_M007,exc,4.5,4.0,4.5
50.8832,52.08,Ses02M_impro07_M008,exc,3.5,3.0,3.5
52.09,58.0,Ses02M_impro07_M009,hap,3.0,4.0,4.0
58.01,59.45,Ses02M_impro07_M010,hap,3.0,3.0,2.5
59.46,61.22,Ses02M_impro07_M011,hap,3.5,2.5,2.5
61.81,69.36,Ses02M_impro07_M012,xxx,4.0,3.5,3.0
69.37,71.0,Ses02M_impro07_M013,exc,3.5,3.0,3.0
71.01,74.2,Ses02M_impro07_M014,exc,4.5,3.5,4.0
74.21,77.7582,Ses02M_impro07_M015,exc,4.5,4.0,4.0
79.25,85.78,Ses02M_impro07_M016,xxx,4.0,4.0,4.5
85.79,89.2,Ses02M_impro07_M017,exc,4.0,3.5,3.5
89.21,90.22,Ses02M_impro07_M018,exc,3.5,3.0,3.0
90.29,92.46,Ses02M_impro07_M019,exc,4.5,4.0,3.0
93.5,97.81,Ses02M_impro07_M020,exc,4.5,4.0,4.0
100.03,105.21,Ses02M_impro07_M021,exc,4.5,3.5,4.5
105.22,106.8379,Ses02M_impro07_M022,exc,3.5,2.5,2.5
106.86,114.29,Ses02M_impro07_M023,hap,3.5,4.0,2.5
114.3,116.82,Ses02M_impro07_M024,hap,3.0,3.5,2.5
116.83,123.97,Ses02M_impro07_M025,hap,3.5,3.5,4.0
123.98,133.33,Ses02M_impro07_M026,hap,4.0,4.0,4.0
133.34,137.96,Ses02M_impro07_M027,xxx,4.0,4.5,4.0
138.7532,146.4511,Ses02M_impro07_M028,xxx,4.5,3.5,3.5
146.4611,153.91,Ses02M_impro07_M029,exc,3.5,4.0,4.0
156.41,158.27,Ses02M_impro07_M030,hap,4.0,2.5,3.5
158.28,166.5386,Ses02M_impro07_M031,exc,4.0,4.0,3.5
170.692,174.8175,Ses02M_impro07_M032,exc,4.5,3.0,4.0
5.8326,11.4941,Ses02M_impro08_F000,exc,4.0,3.6667,2.6667
11.5765,17.4979,Ses02M_impro08_F001,exc,3.0,4.0,3.3333
17.5233,23.6412,Ses02M_impro08_F002,exc,2.6667,3.6667,3.3333
26.2317,31.2805,Ses02M_impro08_F003,fru,2.3333,3.6667,3.0
31.3039,37.8395,Ses02M_impro08_F004,fru,2.0,4.3333,3.3333
51.1141,60.9752,Ses02M_impro08_F005,fru,2.0,4.0,3.3333
61.0932,63.8674,Ses02M_impro08_F006,neu,3.6667,3.6667,2.3333
63.8928,69.3915,Ses02M_impro08_F007,neu,2.6667,3.6667,2.6667
69.5168,73.9495,Ses02M_impro08_F008,neu,3.0,3.6667,2.6667
73.9713,79.1524,Ses02M_impro08_F009,fru,2.0,3.6667,3.0
80.9592,88.8614,Ses02M_impro08_F010,neu,3.0,3.3333,2.0
88.8844,95.1091,Ses02M_impro08_F011,fru,2.6667,3.3333,2.0
98.9404,103.3519,Ses02M_impro08_F012,xxx,2.6667,3.3333,2.0
117.401,121.6994,Ses02M_impro08_F013,xxx,3.6667,3.6667,2.3333
123.0606,125.2593,Ses02M_impro08_F014,xxx,3.0,3.6667,2.6667
133.6816,134.696,Ses02M_impro08_F015,xxx,2.6667,3.0,2.0
134.7087,138.8649,Ses02M_impro08_F016,fru,2.3333,3.0,2.6667
138.8649,140.6043,Ses02M_impro08_F017,xxx,2.3333,3.0,2.6667
141.4772,144.8732,Ses02M_impro08_F018,fea,2.0,3.0,2.3333
147.8773,151.8393,Ses02M_impro08_F019,neu,2.6667,2.6667,2.0
164.0735,165.249,Ses02M_impro08_F020,sur,4.0,3.6667,2.3333
165.9457,173.0192,Ses02M_impro08_F021,xxx,4.0,3.0,3.0
183.2845,185.0723,Ses02M_impro08_F022,xxx,3.3333,3.3333,2.6667
187.3229,188.6099,Ses02M_impro08_F023,hap,4.0,3.0,2.3333
190.8923,191.894,Ses02M_impro08_F024,hap,3.0,2.3333,2.0
199.9925,201.4292,Ses02M_impro08_F025,neu,3.6667,3.3333,2.3333
204.8688,206.1096,Ses02M_impro08_F026,neu,3.3333,2.6667,2.0
208.1123,209.3096,Ses02M_impro08_F027,neu,3.6667,2.6667,2.0
210.1273,213.703,Ses02M_impro08_F028,hap,4.0,3.0,3.0
214.6648,216.1669,Ses02M_impro08_F029,xxx,4.0,2.6667,2.3333
216.1796,218.7792,Ses02M_impro08_F030,hap,3.6667,3.0,2.3333
3.6166,6.0102,Ses02M_impro08_M000,neu,3.6667,3.0,2.6667
10.9934,13.1234,Ses02M_impro08_M001,xxx,4.0,3.0,2.6667
22.6205,27.312,Ses02M_impro08_M002,neu,3.3333,3.0,2.6667
37.923,48.3927,Ses02M_impro08_M003,neu,3.6667,3.3333,3.0
48.4404,51.375,Ses02M_impro08_M004,neu,3.6667,3.6667,3.0
55.1628,57.5574,Ses02M_impro08_M005,neu,4.0,3.6667,2.6667
62.0289,63.8421,Ses02M_impro08_M006,xxx,4.0,3.3333,2.6667
78.1955,82.6714,Ses02M_impro08_M007,neu,3.0,3.3333,2.6667
87.515,90.9077,Ses02M_impro08_M008,neu,3.0,3.3333,2.6667
94.4263,100.1059,Ses02M_impro08_M009,neu,3.6667,3.0,2.6667
100.1566,102.0586,Ses02M_impro08_M010,neu,3.0,3.0,3.0
103.2505,112.7768,Ses02M_impro08_M011,neu,3.0,3.3333,3.0
112.8186,118.1843,Ses02M_impro08_M012,neu,3.0,2.6667,2.6667
118.8972,121.636,Ses02M_impro08_M013,neu,3.0,3.0,2.6667
121.6487,124.0197,Ses02M_impro08_M014,neu,3.3333,3.3333,2.3333
124.3367,132.5278,Ses02M_impro08_M015,neu,3.0,3.3333,2.6667
132.5405,135.3819,Ses02M_impro08_M016,neu,3.0,2.6667,2.6667
138.8867,140.1928,Ses02M_impro08_M017,neu,3.0,3.0,3.0
140.7806,141.9234,Ses02M_impro08_M018,neu,3.0,2.3333,2.3333
144.3452,148.4281,Ses02M_impro08_M019,neu,3.0,2.6667,2.6667
149.9623,157.3799,Ses02M_impro08_M020,neu,3.0,2.3333,3.0
157.3926,164.5089,Ses02M_impro08_M021,neu,3.3333,2.6667,3.0
164.5313,166.1633,Ses02M_impro08_M022,neu,3.0,2.6667,2.6667
167.4856,169.3876,Ses02M_impro08_M023,neu,3.0,3.0,2.0
170.5161,172.3926,Ses02M_impro08_M024,neu,3.0,3.3333,2.6667
172.9118,183.6004,Ses02M_impro08_M025,neu,3.0,3.6667,2.6667
183.9704,187.7147,Ses02M_impro08_M026,neu,3.3333,2.6667,2.6667
187.7365,191.1325,Ses02M_impro08_M027,neu,3.3333,3.0,3.0
191.4882,197.1767,Ses02M_impro08_M028,neu,3.0,3.0,3.0
197.302,208.1746,Ses02M_impro08_M029,neu,3.0,3.6667,3.3333
208.2,212.2955,Ses02M_impro08_M030,neu,3.3333,2.6667,2.6667
212.7393,216.277,Ses02M_impro08_M031,neu,3.3333,3.0,2.3333
5.23,8.71,Ses02M_script01_1_F000,xxx,3.0,3.0,3.0
9.48,13.45,Ses02M_script01_1_F001,xxx,2.0,2.5,3.0
14.94,16.13,Ses02M_script01_1_F002,xxx,2.5,2.5,3.0
25.28,28.33,Ses02M_script01_1_F003,xxx,2.0,2.5,3.5
33.62,35.37,Ses02M_script01_1_F004,xxx,2.5,2.5,2.5
38.95,41.4,Ses02M_script01_1_F005,xxx,2.0,2.0,3.0
44.3,52.67,Ses02M_script01_1_F006,xxx,2.0,3.5,4.5
54.41,59.87,Ses02M_script01_1_F007,xxx,2.5,3.0,4.0
66.83,68.22,Ses02M_script01_1_F008,xxx,3.0,2.5,3.0
72.99,74.84,Ses02M_script01_1_F009,xxx,3.0,2.0,3.0
80.67,83.46,Ses02M_script01_1_F010,fru,2.5,2.5,3.5
101.06,103.39,Ses02M_script01_1_F011,fru,2.0,3.5,3.5
104.23,106.69,Ses02M_script01_1_F012,fru,2.0,2.5,3.5
110.43,117.74,Ses02M_script01_1_F013,fru,2.0,3.5,4.5
119.78,127.21,Ses02M_script01_1_F014,xxx,2.0,4.0,4.0
136.08,139.84,Ses02M_script01_1_F015,neu,3.0,2.5,3.0
143.5,146.25,Ses02M_script01_1_F016,xxx,3.0,3.5,3.5
147.75,151.59,Ses02M_script01_1_F017,fru,3.0,2.5,3.0
154.54,158.05,Ses02M_script01_1_F018,neu,2.0,3.0,2.5
158.36,160.2,Ses02M_script01_1_F019,fru,2.0,2.5,3.0
168.82,172.78,Ses02M_script01_1_F020,xxx,2.0,3.0,4.0
173.85,179.03,Ses02M_script01_1_F021,neu,2.0,3.5,4.5
179.04,186.73,Ses02M_script01_1_F022,fru,2.0,3.5,4.0
197.48,200.72,Ses02M_script01_1_F023,neu,3.5,3.0,3.5
201.67,204.19,Ses02M_script01_1_F024,fru,2.5,2.5,4.0
206.62,210.61,Ses02M_script01_1_F025,neu,2.5,2.5,3.5
223.32,227.13,Ses02M_script01_1_F026,ang,2.0,3.0,4.0
229.74,233.09,Ses02M_script01_1_F027,ang,2.0,3.0,4.5
235.99,242.82,Ses02M_script01_1_F028,fru,1.5,4.0,4.5
253.32,260.89,Ses02M_script01_1_F029,fru,1.5,4.0,5.0
260.93,265.6,Ses02M_script01_1_F030,fru,1.5,3.5,4.5
266.79,269.27,Ses02M_script01_1_F031,xxx,2.0,3.0,3.5
283.82,286.26,Ses02M_script01_1_F032,ang,2.0,3.5,4.0
290.44,293.25,Ses02M_script01_1_F033,ang,1.5,4.0,4.5
296.62,299.7,Ses02M_script01_1_F034,ang,1.5,3.5,4.5
301.45,304.04,Ses02M_script01_1_F035,ang,2.0,3.0,4.5
320.71,323.57,Ses02M_script01_1_F036,ang,2.0,3.5,4.0
326.65,329.41,Ses02M_script01_1_F037,ang,2.0,3.5,3.5
329.69,338.58,Ses02M_script01_1_F038,xxx,1.0,4.0,5.0
342.31,344.78,Ses02M_script01_1_F039,fru,2.0,3.0,3.5
347.92,350.81,Ses02M_script01_1_F040,fru,2.0,2.5,3.5
354.1,356.18,Ses02M_script01_1_F041,sad,3.0,2.0,2.5
8.36,9.79,Ses02M_script01_1_M000,xxx,3.0,2.5,2.5
13.29,15.14,Ses02M_script01_1_M001,xxx,2.5,2.5,3.5
16.54,24.3,Ses02M_script01_1_M002,xxx,2.5,2.5,4.0
28.17,33.97,Ses02M_script01_1_M003,sad,2.0,3.0,3.5
34.95,38.97,Ses02M_script01_1_M004,sad,2.5,2.5,3.5
41.66,44.62,Ses02M_script01_1_M005,sad,2.0,2.5,3.0
52.41,54.26,Ses02M_script01_1_M006,xxx,2.0,2.5,2.5
60.44,67.23,Ses02M_script01_1_M007,xxx,2.5,2.5,4.0
68.38,73.29,Ses02M_script01_1_M008,xxx,2.5,3.5,4.0
74.84,81.72,Ses02M_script01_1_M009,fru,2.5,3.5,4.5
82.89,90.24,Ses02M_script01_1_M010,fru,2.0,3.5,4.0
90.35,102.42,Ses02M_script01_1_M011,fru,2.0,4.0,4.0
102.66,104.4424,Ses02M_script01_1_M012,ang,2.5,3.5,4.5
106.0,111.17,Ses02M_script01_1_M013,ang,1.5,4.0,4.5
117.82,120.14,Ses02M_script01_1_M014,xxx,2.5,2.5,3.0
126.08,128.82,Ses02M_script01_1_M015,fru,2.5,3.0,3.5
129.32,133.2,Ses02M_script01_1_M016,neu,3.0,2.5,3.5
134.91,136.32,Ses02M_script01_1_M017,neu,3.0,2.5,4.0
140.67,143.1,Ses02M_script01_1_M018,neu,3.0,2.5,3.5
145.87,148.61,Ses02M_script01_1_M019,fru,2.0,2.5,3.5
151.83,154.62,Ses02M_script01_1_M020,fru,2.0,3.5,4.0
156.49,159.32,Ses02M_script01_1_M021,ang,2.5,3.5,3.5
159.39,170.08,Ses02M_script01_1_M022,xxx,1.5,4.5,4.5
172.33,174.65,Ses02M_script01_1_M023,fru,1.5,3.5,4.5
186.36,198.37,Ses02M_script01_1_M024,ang,1.5,3.5,4.5
199.88,201.62,Ses02M_script01_1_M025,ang,1.5,4.0,5.0
204.46,206.85,Ses02M_script01_1_M026,neu,2.5,2.5,3.0
210.19,215.67,Ses02M_script01_1_M027,neu,2.0,3.5,3.5
215.81,223.11,Ses02M_script01_1_M028,sad,2.0,3.5,4.5
226.91,229.84,Ses02M_script01_1_M029,fru,2.0,3.0,4.0
233.46,235.76,Ses02M_script01_1_M030,fru,3.0,2.5,3.5
242.45,252.59,Ses02M_script01_1_M031,fru,1.5,4.0,4.5
252.62,254.49,Ses02M_script01_1_M032,xxx,1.5,3.0,3.5
264.45,266.43,Ses02M_script01_1_M033,xxx,2.0,3.0,3.5
269.81,279.6,Ses02M_script01_1_M034,xxx,1.5,4.0,4.5
279.67,284.37,Ses02M_script01_1_M035,sad,2.0,3.0,4.0
285.92,290.93,Ses02M_script01_1_M036,sad,2.0,3.0,4.0
292.82,297.17,Ses02M_script01_1_M037,ang,1.5,3.5,4.5
298.96,302.69,Ses02M_script01_1_M038,ang,2.0,3.0,4.5
302.99,310.24,Ses02M_script01_1_M039,ang,1.5,4.0,5.0
310.27,320.7,Ses02M_script01_1_M040,xxx,2.0,4.0,4.5
323.69,326.52,Ses02M_script01_1_M041,sad,3.0,2.5,3.5
328.43,330.74,Ses02M_script01_1_M042,fru,2.5,3.0,4.0
337.62,342.14,Ses02M_script01_1_M043,fru,2.0,3.0,3.5
344.49,346.97,Ses02M_script01_1_M044,fru,3.0,3.0,3.5
351.0,354.18,Ses02M_script01_1_M045,xxx,2.5,2.5,3.5
5.977,8.33,Ses02M_script01_2_F000,ang,2.3333,3.0,3.3333
9.36,13.45,Ses02M_script01_2_F001,ang,2.0,3.6667,3.3333
15.21,18.38,Ses02M_script01_2_F002,ang,2.6667,2.3333,3.3333
28.3,30.63,Ses02M_script01_2_F003,ang,2.6667,3.0,3.0
31.65,34.39,Ses02M_script01_2_F004,xxx,3.0,3.3333,3.0
36.97,39.22,Ses02M_script01_2_F005,ang,2.0,3.3333,3.3333
39.45,43.03,Ses02M_script01_2_F006,ang,2.0,4.0,4.0
44.24,53.74,Ses02M_script01_2_F007,fru,2.0,4.0,4.0
55.18,64.18,Ses02M_script01_2_F008,fru,2.6667,3.6667,3.3333
66.83,74.38,Ses02M_script01_2_F009,fru,2.0,3.3333,3.3333
74.84,83.06,Ses02M_script01_2_F010,ang,1.6667,4.0,3.6667
83.16,88.64,Ses02M_script01_2_F011,fru,1.6667,3.3333,3.6667
88.65,96.17,Ses02M_script01_2_F012,xxx,1.3333,4.3333,3.6667
96.19,99.83,Ses02M_script01_2_F013,sad,1.6667,3.6667,2.6667
99.9,105.81,Ses02M_script01_2_F014,fru,2.3333,3.6667,3.6667
106.2,109.44,Ses02M_script01_2_F015,fru,2.3333,3.3333,3.0
111.07,113.65,Ses02M_script01_2_F016,fru,2.3333,3.0,3.0
118.05,120.11,Ses02M_script01_2_F017,fru,1.3333,4.0,3.0
7.89,9.72,Ses02M_script01_2_M000,xxx,2.6667,3.0,2.6667
12.48,15.54,Ses02M_script01_2_M001,neu,3.0,3.0,3.0
18.32,23.91,Ses02M_script01_2_M002,fru,3.0,3.0,3.0
24.53,28.52,Ses02M_script01_2_M003,fru,2.6667,2.6667,3.0
30.24,32.42,Ses02M_script01_2_M004,neu,3.0,3.3333,2.6667
35.37,37.19,Ses02M_script01_2_M005,neu,3.0,2.6667,2.6667
38.42,40.55,Ses02M_script01_2_M006,xxx,3.0,3.0,3.3333
42.55,44.63,Ses02M_script01_2_M007,neu,2.6667,2.6667,3.0
53.14,55.52,Ses02M_script01_2_M008,fru,3.0,2.6667,3.0
64.73,67.73,Ses02M_script01_2_M009,fru,3.0,3.0,3.0
73.61,76.2,Ses02M_script01_2_M010,fru,2.3333,3.6667,2.6667
82.6,84.51,Ses02M_script01_2_M011,fru,2.3333,2.6667,1.6667
94.99,96.87,Ses02M_script01_2_M012,fru,3.0,3.0,3.3333
99.14,100.9,Ses02M_script01_2_M013,fru,2.6667,2.6667,3.6667
104.64,107.38,Ses02M_script01_2_M014,fru,2.0,3.6667,4.0
108.72,111.28,Ses02M_script01_2_M015,xxx,2.0,3.6667,3.6667
113.24,115.93,Ses02M_script01_2_M016,ang,2.3333,3.6667,3.3333
116.1,118.81,Ses02M_script01_2_M017,ang,2.3333,3.6667,3.6667
119.4,124.37,Ses02M_script01_2_M018,fru,1.6667,3.3333,4.3333
6.2437,9.9782,Ses02M_script01_3_F000,xxx,4.0,3.0,3.0
11.9104,14.3718,Ses02M_script01_3_F001,hap,4.0,3.5,3.0
14.4248,19.533,Ses02M_script01_3_F002,hap,4.0,3.0,3.5
21.5974,28.9819,Ses02M_script01_3_F003,hap,3.5,2.5,3.0
30.2788,34.937,Ses02M_script01_3_F004,xxx,3.5,3.5,2.5
35.0164,41.9509,Ses02M_script01_3_F005,xxx,2.5,3.5,2.5
42.7185,48.9383,Ses02M_script01_3_F006,xxx,3.5,3.0,3.0
59.9223,63.416,Ses02M_script01_3_F007,hap,3.0,3.0,3.5
64.1042,67.9419,Ses02M_script01_3_F008,neu,2.5,2.5,3.0
75.8028,80.5934,Ses02M_script01_3_F009,hap,4.0,3.5,3.5
113.3072,117.2243,Ses02M_script01_3_F010,xxx,3.0,3.5,3.5
119.4741,123.4971,Ses02M_script01_3_F011,xxx,3.0,2.5,3.0
124.4235,128.2083,Ses02M_script01_3_F012,hap,4.0,3.0,3.0
129.5846,131.7814,Ses02M_script01_3_F013,hap,4.0,3.0,3.5
133.5283,143.4007,Ses02M_script01_3_F014,xxx,4.0,4.5,4.0
152.2937,161.3721,Ses02M_script01_3_F015,xxx,4.5,4.5,4.5
162.8542,165.6598,Ses02M_script01_3_F016,xxx,3.5,3.0,3.0
165.9774,172.409,Ses02M_script01_3_F017,xxx,2.5,3.0,3.0
174.8175,179.8463,Ses02M_script01_3_F018,xxx,2.0,3.5,3.0
182.4666,192.0214,Ses02M_script01_3_F019,sad,2.0,2.5,3.5
196.0709,199.7234,Ses02M_script01_3_F020,xxx,3.0,2.0,3.0
202.2113,206.0226,Ses02M_script01_3_F021,sad,2.0,2.0,3.5
213.7247,216.0803,Ses02M_script01_3_F022,xxx,3.5,2.5,3.0
220.0504,223.1206,Ses02M_script01_3_F023,xxx,2.5,3.0,3.0
225.3174,228.1494,Ses02M_script01_3_F024,xxx,1.5,3.0,3.5
359.3486,362.8688,Ses02M_script01_3_F025,sad,2.5,2.5,3.5
365.3567,374.8585,Ses02M_script01_3_F026,sad,2.0,3.5,4.5
374.9644,383.4604,Ses02M_script01_3_F027,sad,2.5,4.0,4.0
387.7482,391.1095,Ses02M_script01_3_F028,hap,4.0,3.5,4.0
9.346,12.5191,Ses02M_script01_3_M000,hap,4.0,2.5,3.0
19.5594,22.4179,Ses02M_script01_3_M001,xxx,3.0,3.0,2.0
28.6907,30.914,Ses02M_script01_3_M002,xxx,3.0,2.5,3.0
34.1165,36.3133,Ses02M_script01_3_M003,xxx,2.5,2.0,2.5
41.2628,43.6713,Ses02M_script01_3_M004,sur,2.5,2.5,3.0
48.5942,61.0604,Ses02M_script01_3_M005,fru,3.5,3.0,3.5
62.5955,64.6335,Ses02M_script01_3_M006,xxx,3.0,2.0,3.0
66.5392,76.041,Ses02M_script01_3_M007,xxx,3.0,3.0,3.0
79.8788,89.7511,Ses02M_script01_3_M008,xxx,4.0,4.0,4.0
89.8305,94.0124,Ses02M_script01_3_M009,xxx,4.0,4.0,4.0
94.0653,104.2024,Ses02M_script01_3_M010,exc,4.0,4.0,4.0
104.3082,115.054,Ses02M_script01_3_M011,xxx,3.5,3.5,4.0
116.5891,120.3475,Ses02M_script01_3_M012,xxx,3.0,3.5,3.0
122.5972,125.191,Ses02M_script01_3_M013,sur,3.0,3.0,2.5
127.0438,130.5904,Ses02M_script01_3_M014,exc,4.0,3.5,3.5
131.9138,134.7458,Ses02M_script01_3_M015,exc,3.5,3.0,3.5
142.7654,146.1268,Ses02M_script01_3_M016,xxx,4.0,4.0,4.5
146.2499,153.9347,Ses02M_script01_3_M017,xxx,4.5,4.5,4.5
160.2604,164.1776,Ses02M_script01_3_M018,xxx,4.5,4.5,4.5
164.7599,166.9832,Ses02M_script01_3_M019,xxx,2.5,2.0,2.0
172.5943,176.9085,Ses02M_script01_3_M020,sad,3.0,3.5,3.5
179.6875,183.1283,Ses02M_script01_3_M021,sad,2.0,2.5,2.5
190.9891,196.812,Ses02M_script01_3_M022,sad,2.5,3.0,3.0
199.9881,203.1642,Ses02M_script01_3_M023,xxx,2.0,2.0,2.5
206.0226,214.3334,Ses02M_script01_3_M024,xxx,2.5,2.5,3.0
216.345,220.2621,Ses02M_script01_3_M025,sad,2.0,2.0,3.0
222.9618,226.0585,Ses02M_script01_3_M026,sad,2.0,2.5,3.0
227.3025,234.5281,Ses02M_script01_3_M027,sad,2.0,3.0,3.5
234.634,249.8263,Ses02M_script01_3_M028,sad,3.0,3.5,4.0
249.9322,260.0957,Ses02M_script01_3_M029,sad,2.0,3.5,4.5
260.1751,276.8495,Ses02M_script01_3_M030,sad,2.0,3.0,4.5
276.929,289.3951,Ses02M_script01_3_M031,sad,2.5,4.0,4.5
289.5539,310.0662,Ses02M_script01_3_M032,sad,1.5,3.5,4.5
310.1721,332.6959,Ses02M_script01_3_M033,sad,1.5,3.5,4.5
332.7753,346.009,Ses02M_script01_3_M034,sad,2.5,3.5,4.5
346.0355,360.1426,Ses02M_script01_3_M035,sad,2.5,2.5,4.5
363.054,366.5213,Ses02M_script01_3_M036,neu,3.0,2.5,3.5
382.9311,388.3834,Ses02M_script01_3_M037,xxx,4.0,3.5,4.0
20.19,21.58,Ses02M_script02_1_F000,neu,2.5,2.5,2.0
42.86,44.95,Ses02M_script02_1_F001,neu,2.0,2.0,2.0
48.0,49.83,Ses02M_script02_1_F002,fru,2.0,2.5,3.0
51.4,53.84,Ses02M_script02_1_F003,fru,2.0,3.0,3.0
54.95,60.17,Ses02M_script02_1_F004,fru,2.0,3.5,3.0
76.53,78.27,Ses02M_script02_1_F005,neu,2.5,1.5,2.0
105.79,107.41,Ses02M_script02_1_F006,neu,2.0,2.5,2.5
108.99,111.68,Ses02M_script02_1_F007,fru,2.0,3.0,2.5
116.81,119.05,Ses02M_script02_1_F008,fru,2.0,3.0,3.0
119.47,121.15,Ses02M_script02_1_F009,fru,2.5,3.0,3.0
122.08,124.08,Ses02M_script02_1_F010,fru,2.5,2.5,2.5
132.71,134.56,Ses02M_script02_1_F011,neu,2.0,3.0,3.0
136.1,139.0,Ses02M_script02_1_F012,fru,2.0,3.5,3.0
151.27,158.26,Ses02M_script02_1_F013,fru,2.0,3.5,3.0
170.64,178.57,Ses02M_script02_1_F014,fru,2.0,4.0,3.0
179.74,180.91,Ses02M_script02_1_F015,fru,2.0,3.0,2.5
197.37,199.0,Ses02M_script02_1_F016,sad,2.5,3.0,2.0
200.09,201.08,Ses02M_script02_1_F017,neu,2.5,2.5,2.5
214.72,224.97,Ses02M_script02_1_F018,ang,2.0,4.0,3.5
226.47,228.48,Ses02M_script02_1_F019,fru,2.5,2.5,2.5
307.26,308.79,Ses02M_script02_1_F020,neu,2.5,2.5,3.0
311.58,312.91,Ses02M_script02_1_F021,neu,2.5,2.0,2.0
314.67,316.83,Ses02M_script02_1_F022,fru,2.0,2.5,2.5
4.93,8.28,Ses02M_script02_1_M000,exc,4.0,3.5,2.5
8.36,12.78,Ses02M_script02_1_M001,exc,4.5,3.5,2.5
13.17,19.08,Ses02M_script02_1_M002,xxx,4.0,2.0,2.0
19.11,20.54,Ses02M_script02_1_M003,exc,4.0,3.0,2.0
21.92,28.18,Ses02M_script02_1_M004,exc,4.0,3.0,2.0
28.39,34.0,Ses02M_script02_1_M005,exc,4.0,3.0,1.5
34.41,43.27,Ses02M_script02_1_M006,exc,2.5,2.5,2.5
45.24,48.45,Ses02M_script02_1_M007,fru,2.5,2.0,2.0
50.4,51.75,Ses02M_script02_1_M008,fru,3.0,3.0,2.0
53.54,55.81,Ses02M_script02_1_M009,xxx,2.5,2.0,2.0
59.61,66.04,Ses02M_script02_1_M010,xxx,3.5,2.5,2.0
66.07,71.29,Ses02M_script02_1_M011,xxx,4.0,2.5,2.0
71.59,76.88,Ses02M_script02_1_M012,xxx,4.0,2.5,2.0
78.2894,85.75,Ses02M_script02_1_M013,exc,3.5,3.0,2.5
85.87,92.41,Ses02M_script02_1_M014,exc,3.5,3.0,2.5
92.4252,97.22,Ses02M_script02_1_M015,exc,4.0,3.5,2.0
99.7938,106.1,Ses02M_script02_1_M016,exc,4.0,2.5,2.0
107.52,109.19,Ses02M_script02_1_M017,xxx,3.0,3.5,2.0
111.78,117.13,Ses02M_script02_1_M018,fru,2.5,3.5,3.0
118.74,119.85,Ses02M_script02_1_M019,xxx,2.5,3.0,3.0
120.74,122.42,Ses02M_script02_1_M020,xxx,2.5,3.5,3.0
124.1,132.91,Ses02M_script02_1_M021,xxx,2.5,2.5,3.0
134.64,136.12,Ses02M_script02_1_M022,sur,2.5,3.5,2.0
138.77,143.96,Ses02M_script02_1_M023,exc,3.5,3.5,2.5
143.99,152.01,Ses02M_script02_1_M024,exc,3.5,3.5,3.5
158.01,168.1327,Ses02M_script02_1_M025,exc,3.0,4.0,3.0
168.174,171.55,Ses02M_script02_1_M026,exc,4.5,3.0,2.5
178.64,180.09,Ses02M_script02_1_M027,fru,3.5,3.5,2.5
180.46,190.41,Ses02M_script02_1_M028,exc,3.0,4.0,2.5
190.44,198.25,Ses02M_script02_1_M029,exc,3.0,3.5,3.0
199.14,200.36,Ses02M_script02_1_M030,sur,2.0,2.5,1.5
201.77,206.64,Ses02M_script02_1_M031,xxx,2.0,2.5,3.0
206.71,215.35,Ses02M_script02_1_M032,fru,2.5,2.5,2.5
225.18,227.23,Ses02M_script02_1_M033,xxx,2.5,2.5,2.5
228.19,234.61,Ses02M_script02_1_M034,fru,4.0,2.0,2.0
235.0,240.12,Ses02M_script02_1_M035,exc,2.5,2.0,2.0
240.14,249.86,Ses02M_script02_1_M036,exc,4.5,3.0,2.5
250.67,255.41,Ses02M_script02_1_M037,exc,4.0,3.0,2.5
255.48,264.04,Ses02M_script02_1_M038,exc,3.5,3.0,2.5
264.11,282.9385,Ses02M_script02_1_M039,exc,3.5,3.5,2.5
282.97,294.5,Ses02M_script02_1_M040,exc,3.0,3.5,2.5
294.99,304.38,Ses02M_script02_1_M041,exc,4.0,3.5,2.5
304.44,307.91,Ses02M_script02_1_M042,exc,4.5,3.0,2.5
309.96,311.51,Ses02M_script02_1_M043,xxx,3.0,2.0,1.5
312.96,314.57,Ses02M_script02_1_M044,xxx,3.0,2.5,1.5
5.38,7.13,Ses02M_script02_2_F000,xxx,3.0,2.0,3.0
8.42,10.37,Ses02M_script02_2_F001,fru,3.0,2.0,2.5
13.99,20.92,Ses02M_script02_2_F002,xxx,2.0,3.5,3.5
22.73,34.99,Ses02M_script02_2_F003,xxx,2.0,3.5,4.0
36.67,39.62,Ses02M_script02_2_F004,xxx,2.0,3.5,3.5
46.56,54.37,Ses02M_script02_2_F005,ang,1.5,4.5,4.5
54.83,59.2,Ses02M_script02_2_F006,ang,1.5,4.0,4.5
67.35,70.46,Ses02M_script02_2_F007,fru,1.5,3.5,3.5
70.63,73.87,Ses02M_script02_2_F008,fru,2.0,3.5,3.5
75.61,78.99,Ses02M_script02_2_F009,fru,2.5,3.0,4.0
80.15,86.1393,Ses02M_script02_2_F010,fru,1.5,4.0,4.5
86.1688,98.2,Ses02M_script02_2_F011,ang,1.5,4.0,4.5
100.14,103.27,Ses02M_script02_2_F012,fru,1.5,3.0,3.5
103.72,110.29,Ses02M_script02_2_F013,ang,1.5,3.5,4.5
112.31,115.32,Ses02M_script02_2_F014,fru,1.0,4.5,4.5
144.71,151.11,Ses02M_script02_2_F015,sad,2.5,3.0,3.0
151.14,160.04,Ses02M_script02_2_F016,sad,2.5,3.5,4.0
160.5,169.2428,Ses02M_script02_2_F017,sad,4.0,4.0,4.5
169.26,177.37,Ses02M_script02_2_F018,sad,3.0,4.0,4.0
177.39,182.97,Ses02M_script02_2_F019,sad,4.0,4.0,4.0
196.93,202.34,Ses02M_script02_2_F020,sad,2.0,2.5,3.5
206.92,207.87,Ses02M_script02_2_F021,sad,3.0,2.0,2.0
209.8,210.77,Ses02M_script02_2_F022,sad,3.0,2.0,2.5
211.61,212.62,Ses02M_script02_2_F023,xxx,2.5,2.0,2.5
214.65,215.61,Ses02M_script02_2_F024,xxx,3.0,2.0,2.5
216.53,217.51,Ses02M_script02_2_F025,fru,2.0,2.5,3.0
218.61,219.59,Ses02M_script02_2_F026,fru,2.0,3.0,4.0
219.82,220.99,Ses02M_script02_2_F027,fru,1.5,3.5,3.5
226.91,230.3,Ses02M_script02_2_F028,fru,1.5,3.5,4.5
271.03,275.29,Ses02M_script02_2_F029,fru,2.0,4.0,4.0
275.59,280.68,Ses02M_script02_2_F030,fru,1.5,3.5,4.0
281.09,286.4,Ses02M_script02_2_F031,sad,2.0,4.0,4.0
287.38,299.74,Ses02M_script02_2_F032,fru,1.5,3.5,4.0
302.54,306.56,Ses02M_script02_2_F033,xxx,2.0,2.5,3.5
307.05,321.47,Ses02M_script02_2_F034,sad,2.0,3.5,4.0
325.13,327.19,Ses02M_script02_2_F035,xxx,2.0,3.0,3.5
331.38,335.26,Ses02M_script02_2_F036,xxx,2.5,3.0,4.0
338.13,341.18,Ses02M_script02_2_F037,hap,2.0,3.0,3.5
341.2,348.55,Ses02M_script02_2_F038,sad,2.0,4.0,4.5
353.05,362.08,Ses02M_script02_2_F039,xxx,3.5,4.0,3.5
368.65,375.59,Ses02M_script02_2_F040,xxx,4.0,3.0,3.0
378.26,381.31,Ses02M_script02_2_F041,xxx,4.0,3.5,3.0
382.72,385.48,Ses02M_script02_2_F042,hap,4.0,3.0,3.0
391.92,400.12,Ses02M_script02_2_F043,xxx,4.0,2.5,3.5
403.83,406.02,Ses02M_script02_2_F044,sad,2.5,2.5,3.0
410.61,412.12,Ses02M_script02_2_F045,hap,4.0,2.5,2.5
413.53,414.91,Ses02M_script02_2_F046,neu,5.0,4.0,0.5
3.88,5.86,Ses02M_script02_2_M000,neu,3.5,3.0,2.5
6.88,8.73,Ses02M_script02_2_M001,neu,3.0,2.5,3.0
10.12,14.9,Ses02M_script02_2_M002,neu,2.5,3.5,4.0
20.34,23.46,Ses02M_script02_2_M003,xxx,2.5,4.0,3.5
35.32,37.37,Ses02M_script02_2_M004,xxx,2.5,3.0,2.5
39.49,46.98,Ses02M_script02_2_M005,fru,3.0,3.5,2.0
53.36,55.24,Ses02M_script02_2_M006,fru,1.5,3.5,3.5
58.79,68.15,Ses02M_script02_2_M007,fru,2.5,4.0,4.0
69.78,71.1,Ses02M_script02_2_M008,fru,2.5,3.5,3.0
73.46,76.01,Ses02M_script02_2_M009,fru,2.5,3.0,3.0
78.81,81.01,Ses02M_script02_2_M010,neu,2.5,3.0,4.0
98.12,100.09,Ses02M_script02_2_M011,fru,2.5,2.5,2.0
102.51,104.44,Ses02M_script02_2_M012,fru,2.5,3.5,3.5
110.82,113.81,Ses02M_script02_2_M013,xxx,2.5,2.5,2.5
114.92,123.02,Ses02M_script02_2_M014,fru,2.5,4.0,4.0
123.33,135.18,Ses02M_script02_2_M015,neu,2.5,3.5,3.5
135.19,139.71,Ses02M_script02_2_M016,neu,3.0,4.0,3.5
140.14,146.32,Ses02M_script02_2_M017,neu,3.0,3.5,3.5
176.61,178.69,Ses02M_script02_2_M018,xxx,4.0,3.0,3.5
182.22,191.59,Ses02M_script02_2_M019,exc,4.0,4.0,3.5
191.76,197.31,Ses02M_script02_2_M020,exc,4.0,4.0,3.0
201.82,207.29,Ses02M_script02_2_M021,neu,3.0,3.5,3.5
207.94,210.22,Ses02M_script02_2_M022,neu,3.0,3.5,3.5
210.71,212.51,Ses02M_script02_2_M023,neu,3.0,3.0,2.5
212.59,215.52,Ses02M_script02_2_M024,xxx,2.5,3.0,3.0
215.65,217.27,Ses02M_script02_2_M025,neu,2.5,3.0,3.0
217.29,219.28,Ses02M_script02_2_M026,fru,2.0,3.5,3.5
219.3,220.44,Ses02M_script02_2_M027,fru,2.0,3.0,3.5
220.46,227.86,Ses02M_script02_2_M028,fru,2.0,4.5,4.0
229.51,242.45,Ses02M_script02_2_M029,ang,1.0,4.5,4.5
242.59,252.15,Ses02M_script02_2_M030,xxx,2.0,3.5,4.0
252.28,268.43,Ses02M_script02_2_M031,fru,2.0,3.0,4.0
268.4566,271.49,Ses02M_script02_2_M032,fru,2.0,3.5,4.0
274.59,276.07,Ses02M_script02_2_M033,xxx,2.5,3.0,3.5
280.08,281.28,Ses02M_script02_2_M034,xxx,3.0,3.0,3.0
286.09,288.23,Ses02M_script02_2_M035,sad,3.0,2.5,3.0
300.26,302.62,Ses02M_script02_2_M036,xxx,3.0,2.5,3.0
322.35,326.02,Ses02M_script02_2_M037,sad,2.0,3.0,2.0
326.34,332.26,Ses02M_script02_2_M038,sad,2.0,2.5,3.5
336.92,338.23,Ses02M_script02_2_M039,xxx,3.0,2.0,2.0
348.92,353.18,Ses02M_script02_2_M040,hap,3.0,2.0,3.0
362.2472,368.35,Ses02M_script02_2_M041,hap,4.0,3.0,3.5
376.27,378.43,Ses02M_script02_2_M042,hap,4.0,3.5,3.5
381.05,382.94,Ses02M_script02_2_M043,xxx,3.0,2.5,3.0
387.74,391.54,Ses02M_script02_2_M044,xxx,3.0,3.0,3.0
405.3,409.48,Ses02M_script02_2_M045,hap,3.5,2.0,3.0
412.47,413.86,Ses02M_script02_2_M046,hap,3.5,2.5,2.5
6.7608,8.6428,Ses02M_script03_1_F000,xxx,2.5,3.5,1.5
9.1462,12.2099,Ses02M_script03_1_F001,xxx,2.5,3.5,2.0
13.0059,15.7092,Ses02M_script03_1_F002,exc,2.5,4.5,1.0
18.5326,20.8905,Ses02M_script03_1_F003,hap,3.0,2.5,2.0
21.3711,24.1945,Ses02M_script03_1_F004,xxx,2.5,2.0,2.5
29.3458,33.1455,Ses02M_script03_1_F005,exc,4.0,3.5,2.0
34.9176,37.651,Ses02M_script03_1_F006,hap,4.0,3.0,2.5
38.1466,42.2165,Ses02M_script03_1_F007,hap,4.0,2.5,2.5
45.7158,49.155,Ses02M_script03_1_F008,xxx,2.5,2.5,2.5
49.6807,53.3001,Ses02M_script03_1_F009,xxx,2.5,2.0,3.0
55.8532,58.0008,Ses02M_script03_1_F010,xxx,4.0,2.5,2.5
65.7202,68.3785,Ses02M_script03_1_F011,xxx,3.5,3.0,3.0
70.1807,71.6825,Ses02M_script03_1_F012,exc,4.0,2.0,2.0
82.1503,85.5445,Ses02M_script03_1_F013,xxx,4.0,2.5,3.0
87.6921,91.4166,Ses02M_script03_1_F014,xxx,2.5,2.5,2.0
94.2401,96.7481,Ses02M_script03_1_F015,sad,2.5,2.5,2.0
98.265,103.4163,Ses02M_script03_1_F016,fea,3.0,2.5,2.0
105.1884,107.5613,Ses02M_script03_1_F017,xxx,3.0,3.0,1.5
112.202,115.3408,Ses02M_script03_1_F018,xxx,3.5,2.5,2.5
135.4354,138.0486,Ses02M_script03_1_F019,xxx,3.5,2.5,3.0
148.4863,155.8903,Ses02M_script03_1_F020,xxx,4.0,3.0,3.0
157.9779,160.6512,Ses02M_script03_1_F021,hap,4.0,2.5,2.0
164.1655,169.3167,Ses02M_script03_1_F022,hap,4.0,3.0,2.5
169.9475,176.6757,Ses02M_script03_1_F023,hap,4.0,3.0,2.5
177.4867,180.2651,Ses02M_script03_1_F024,hap,3.5,1.5,2.5
183.4941,188.0446,Ses02M_script03_1_F025,hap,4.0,3.5,2.5
188.6003,191.8743,Ses02M_script03_1_F026,xxx,3.5,2.0,3.0
192.7754,200.645,Ses02M_script03_1_F027,hap,4.5,3.0,2.5
200.7651,205.3307,Ses02M_script03_1_F028,hap,4.0,3.5,2.0
206.4871,209.2956,Ses02M_script03_1_F029,hap,4.0,2.5,2.5
5.5365,7.2541,Ses02M_script03_1_M000,fea,2.5,4.5,1.5
8.1099,9.5667,Ses02M_script03_1_M001,xxx,2.5,3.0,1.5
11.5341,13.4564,Ses02M_script03_1_M002,fea,2.5,3.0,2.0
16.2649,19.1183,Ses02M_script03_1_M003,fea,3.0,3.5,2.0
20.3799,22.092,Ses02M_script03_1_M004,xxx,4.0,3.0,2.5
23.7318,30.3521,Ses02M_script03_1_M005,exc,3.5,3.5,1.5
32.3946,35.4283,Ses02M_script03_1_M006,fea,3.5,3.0,2.5
36.855,38.9426,Ses02M_script03_1_M007,hap,4.0,2.5,2.5
41.781,46.2415,Ses02M_script03_1_M008,hap,4.0,2.5,2.5
48.314,50.2964,Ses02M_script03_1_M009,sad,3.5,2.5,2.5
52.7895,56.484,Ses02M_script03_1_M010,hap,4.0,3.0,2.5
57.8506,66.9518,Ses02M_script03_1_M011,hap,4.0,3.5,2.5
67.6426,70.7814,Ses02M_script03_1_M012,exc,4.0,3.0,3.0
71.0668,79.0343,Ses02M_script03_1_M013,xxx,4.0,3.5,3.5
79.0941,83.0664,Ses02M_script03_1_M014,exc,4.0,3.5,3.0
84.8536,88.1727,Ses02M_script03_1_M015,exc,4.0,2.5,3.0
90.8309,94.6456,Ses02M_script03_1_M016,sad,3.0,1.5,2.5
96.2375,98.7456,Ses02M_script03_1_M017,xxx,3.5,2.0,2.5
102.7104,105.5789,Ses02M_script03_1_M018,exc,4.0,3.5,2.5
106.7203,112.7727,Ses02M_script03_1_M019,exc,4.0,3.5,2.5
114.7701,117.3683,Ses02M_script03_1_M020,exc,4.0,2.5,3.0
117.3833,131.09,Ses02M_script03_1_M021,exc,4.5,3.0,3.0
131.1199,135.9153,Ses02M_script03_1_M022,exc,4.0,3.0,3.0
137.4478,149.5226,Ses02M_script03_1_M023,xxx,4.5,3.5,2.5
155.2896,158.9541,Ses02M_script03_1_M024,hap,4.0,2.5,2.0
160.2156,165.2468,Ses02M_script03_1_M025,xxx,4.0,2.5,2.5
168.731,170.9537,Ses02M_script03_1_M026,xxx,3.0,3.5,3.0
176.0149,178.2226,Ses02M_script03_1_M027,xxx,3.5,2.0,2.0
179.9197,185.0409,Ses02M_script03_1_M028,xxx,3.5,3.0,3.0
186.723,189.3062,Ses02M_script03_1_M029,hap,4.0,3.5,2.5
191.3336,193.7366,Ses02M_script03_1_M030,xxx,3.5,3.0,1.5
199.3084,201.8314,Ses02M_script03_1_M031,hap,4.0,4.0,2.5
204.6399,207.0278,Ses02M_script03_1_M032,xxx,3.5,2.0,2.5
208.7249,213.5908,Ses02M_script03_1_M033,xxx,3.0,2.5,2.5
6.187,9.2081,Ses02M_script03_2_F000,exc,3.0,2.5,3.5
10.8543,13.8031,Ses02M_script03_2_F001,exc,2.0,3.0,3.5
17.8192,22.7036,Ses02M_script03_2_F002,neu,2.5,3.5,4.0
24.2956,28.6373,Ses02M_script03_2_F003,neu,2.5,3.0,3.5
30.3559,33.9378,Ses02M_script03_2_F004,xxx,4.0,3.5,3.0
35.0775,36.6876,Ses02M_script03_2_F005,neu,2.5,2.5,3.0
37.1398,40.1248,Ses02M_script03_2_F006,neu,3.0,3.0,3.0
40.7398,45.6966,Ses02M_script03_2_F007,neu,2.5,3.0,3.5
47.2886,50.2012,Ses02M_script03_2_F008,fru,2.0,2.5,3.5
53.9821,55.8816,Ses02M_script03_2_F009,neu,3.0,2.0,3.0
57.0756,61.8515,Ses02M_script03_2_F010,xxx,2.0,3.0,3.5
64.8002,69.16,Ses02M_script03_2_F011,neu,2.0,3.0,3.0
74.1892,76.9751,Ses02M_script03_2_F012,neu,2.5,2.5,3.5
79.6525,81.9681,Ses02M_script03_2_F013,xxx,2.0,3.0,4.0
82.0767,83.3611,Ses02M_script03_2_F014,ang,2.0,2.5,4.0
90.8144,95.735,Ses02M_script03_2_F015,neu,3.0,3.5,4.0
97.3451,100.529,Ses02M_script03_2_F016,xxx,3.0,4.0,4.0
100.5652,102.8988,Ses02M_script03_2_F017,xxx,4.0,4.0,3.5
104.8345,106.6979,Ses02M_script03_2_F018,fru,2.0,3.0,3.5
106.7159,108.4345,Ses02M_script03_2_F019,ang,2.0,3.0,3.5
111.4376,114.2054,Ses02M_script03_2_F020,xxx,2.5,2.5,4.0
116.3039,118.6557,Ses02M_script03_2_F021,xxx,2.0,3.0,4.5
121.4235,122.7622,Ses02M_script03_2_F022,xxx,2.5,3.0,3.5
122.7984,129.6366,Ses02M_script03_2_F023,ang,1.5,4.0,4.5
133.1281,136.6919,Ses02M_script03_2_F024,neu,3.0,3.0,3.0
138.6095,140.7623,Ses02M_script03_2_F025,xxx,2.5,3.0,4.0
146.1171,150.3864,Ses02M_script03_2_F026,xxx,2.5,3.0,4.0
163.5925,169.4719,Ses02M_script03_2_F027,xxx,2.5,3.0,4.5
172.6559,174.8086,Ses02M_script03_2_F028,ang,1.5,2.5,4.0
177.8659,181.5202,Ses02M_script03_2_F029,xxx,2.5,3.5,4.0
187.2368,189.1725,Ses02M_script03_2_F030,xxx,2.5,2.0,3.5
191.2348,195.5404,Ses02M_script03_2_F031,xxx,2.5,2.0,3.5
196.8791,199.3936,Ses02M_script03_2_F032,xxx,3.0,2.0,3.0
201.7273,204.6218,Ses02M_script03_2_F033,xxx,1.5,3.0,4.0
205.852,211.0439,Ses02M_script03_2_F034,fru,1.5,4.0,4.0
212.1475,216.3264,Ses02M_script03_2_F035,ang,1.5,3.5,4.5
216.3625,218.4471,Ses02M_script03_2_F036,ang,1.5,4.5,4.5
218.4791,224.3586,Ses02M_script03_2_F037,ang,1.0,5.0,5.0
224.449,230.9616,Ses02M_script03_2_F038,ang,1.0,5.0,5.0
235.846,240.0792,Ses02M_script03_2_F039,ang,1.0,4.5,5.0
240.4772,242.5757,Ses02M_script03_2_F040,ang,2.0,4.0,4.5
242.5938,254.0263,Ses02M_script03_2_F041,ang,1.0,5.0,5.0
254.0651,257.9526,Ses02M_script03_2_F042,ang,1.0,4.5,4.5
3.3467,7.2362,Ses02M_script03_2_M000,neu,3.0,3.0,4.0
8.0684,11.7227,Ses02M_script03_2_M001,ang,2.5,3.0,3.5
12.8624,19.3026,Ses02M_script03_2_M002,xxx,2.5,3.5,4.0
21.6905,25.8152,Ses02M_script03_2_M003,ang,2.5,2.5,4.5
27.8413,31.3147,Ses02M_script03_2_M004,xxx,2.5,3.5,4.0
33.4132,36.0725,Ses02M_script03_2_M005,ang,2.5,3.0,3.5
36.3258,37.8815,Ses02M_script03_2_M006,xxx,1.5,3.5,4.0
39.4011,41.4815,Ses02M_script03_2_M007,ang,2.5,3.0,4.5
45.0092,47.8675,Ses02M_script03_2_M008,xxx,2.5,3.0,3.5
49.6404,54.3077,Ses02M_script03_2_M009,xxx,2.0,3.0,3.5
55.2122,57.5821,Ses02M_script03_2_M010,neu,3.0,3.0,2.5
61.3268,65.5419,Ses02M_script03_2_M011,neu,3.0,3.0,3.5
68.563,75.2204,Ses02M_script03_2_M012,neu,2.5,3.0,4.0
76.3601,80.9912,Ses02M_script03_2_M013,xxx,2.0,4.0,3.5
81.0817,83.0716,Ses02M_script03_2_M014,xxx,2.5,3.0,4.0
83.1621,84.8626,Ses02M_script03_2_M015,fru,2.0,3.0,3.0
88.2093,91.14,Ses02M_script03_2_M016,neu,3.0,3.0,3.0
94.8847,98.2496,Ses02M_script03_2_M017,xxx,2.5,2.0,3.0
102.338,105.6305,Ses02M_script03_2_M018,neu,3.5,3.0,3.5
106.4244,107.1144,Ses02M_script03_2_M019,xxx,2.5,3.0,3.0
107.9461,112.523,Ses02M_script03_2_M020,xxx,2.5,3.5,4.5
113.6265,116.6295,Ses02M_script03_2_M021,fru,2.5,3.5,4.5
117.7331,121.912,Ses02M_script03_2_M022,fru,2.5,3.0,4.5
121.9662,123.7391,Ses02M_script03_2_M023,fru,2.5,3.5,4.0
129.4014,133.6165,Ses02M_script03_2_M024,neu,2.5,3.5,3.5
135.7693,139.6407,Ses02M_script03_2_M025,xxx,3.0,3.0,3.5
140.111,143.1502,Ses02M_script03_2_M026,ang,2.5,3.5,4.0
143.1864,147.0035,Ses02M_script03_2_M027,ang,2.5,3.5,4.0
149.3372,152.6839,Ses02M_script03_2_M028,xxx,1.5,2.5,4.5
155.1442,164.9131,Ses02M_script03_2_M029,xxx,2.0,4.0,4.5
168.1513,173.7775,Ses02M_script03_2_M030,xxx,2.5,3.5,4.0
174.0307,178.7343,Ses02M_script03_2_M031,ang,3.0,3.5,4.0
180.9956,183.6368,Ses02M_script03_2_M032,neu,3.5,3.0,3.5
185.5182,187.6529,Ses02M_script03_2_M033,neu,3.0,2.5,3.0
188.4489,192.1755,Ses02M_script03_2_M034,xxx,2.5,3.0,4.0
194.9253,197.8379,Ses02M_script03_2_M035,xxx,3.0,3.5,3.5
198.9052,202.5595,Ses02M_script03_2_M036,xxx,2.5,3.0,3.5
203.7173,206.3947,Ses02M_script03_2_M037,fru,2.0,2.5,3.5
210.4289,213.3414,Ses02M_script03_2_M038,xxx,2.0,3.5,4.5
215.3314,217.0862,Ses02M_script03_2_M039,ang,2.0,4.0,4.0
217.1224,219.7817,Ses02M_script03_2_M040,ang,2.0,3.5,4.0
223.2008,225.6611,Ses02M_script03_2_M041,ang,2.5,3.5,3.0
230.2018,236.6782,Ses02M_script03_2_M042,ang,1.5,4.0,4.5
239.3375,241.4722,Ses02M_script03_2_M043,ang,2.0,2.5,4.0
241.6531,243.4983,Ses02M_script03_2_M044,ang,1.5,2.5,4.0
243.8601,245.3797,Ses02M_script03_2_M045,ang,2.0,3.5,3.5
245.4159,246.5737,Ses02M_script03_2_M046,ang,2.5,3.5,4.0
248.1838,257.9346,Ses02M_script03_2_M047,ang,1.5,4.5,5.0
